DATE,OPEN,HIGH,LOW,CLOSE,NO. OF SHARES,NO. OF TRADES
22-11-2021,3240,3306.95,3216.45,3263.45,67355,6082
18-11-2021,3254,3260,3213.75,3226.55,44813,4030
17-11-2021,3153,3239,3153,3229.8,138845,13219
16-11-2021,3167,3209.4,3120.15,3152.05,30998,3086
15-11-2021,3126,3179.95,3126,3167.9,59064,7088
12-11-2021,3080,3130,3076.05,3122.9,43214,5495
11-11-2021,3107.1,3107.1,3052.55,3064.7,53846,8777
10-11-2021,3137,3137.85,3081,3108.4,23080,2562
09-11-2021,3139,3154.45,3121.6,3144.3,43860,5500
08-11-2021,3190,3192,3096,3138.4,26082,2882
04-11-2021,3196,3196,3146.65,3158.8,9058,1838
03-11-2021,3109.7,3181.95,3095,3162.95,69765,7264
02-11-2021,3121.75,3138.3,3081,3105.85,19440,2200
01-11-2021,3145,3145,3092.75,3121.75,20131,2120
29-10-2021,3120,3146.5,3083.8,3100.1,80160,11625
28-10-2021,3109,3146.65,3063.15,3118.75,60165,5328
27-10-2021,3022.45,3145.6,3022.45,3094.2,168704,14633
26-10-2021,2918,3025,2899,2963.15,118179,19437
25-10-2021,2941.1,2949.45,2855.6,2918.9,208516,28537
22-10-2021,2980,3002,2912.1,2984.65,193344,31734
21-10-2021,3189.95,3197.4,2922,3003.5,228318,22448
20-10-2021,3185,3220,3136.4,3168.65,427646,12492
19-10-2021,3255,3269.1,3177,3184.05,78920,13622
18-10-2021,3290,3290,3235,3242.2,59796,6711
14-10-2021,3349,3349,3290,3296.9,24999,2955
13-10-2021,3349.85,3357.05,3292,3321.75,30395,2887
12-10-2021,3296.6,3334.75,3288,3322.75,16068,2062
11-10-2021,3348,3348,3297.5,3304.3,424869,2687
08-10-2021,3293.05,3330.15,3265,3306.6,24215,2871
07-10-2021,3216,3317.9,3216,3287.9,42813,3459
06-10-2021,3273.9,3277.7,3200.7,3210.2,85103,9945
05-10-2021,3217,3259.9,3195.95,3255,26207,2682
04-10-2021,3205,3230,3173.7,3201.3,63050,9878
01-10-2021,3244,3251.5,3170,3178.8,69868,6346
30-09-2021,3339,3346.25,3220.4,3244.4,159504,7595
29-09-2021,3356,3380.45,3310,3322,161665,9081
28-09-2021,3427.3,3428.65,3352.25,3380.3,55599,5018
27-09-2021,3474,3474,3418.75,3429.9,87356,4991
24-09-2021,3350,3504.05,3325.15,3443.6,107465,9459
23-09-2021,3344,3344,3315.05,3320.1,399274,3900
22-09-2021,3335,3335,3289,3319.25,77153,3217
21-09-2021,3262,3335,3262,3306.65,96969,6783
20-09-2021,3303.05,3314.2,3264.05,3272.55,55384,6859
17-09-2021,3380,3381,3289.7,3306.8,25735,2940
16-09-2021,3352.2,3369.8,3335.35,3340.5,51994,2679
15-09-2021,3377,3382.65,3348.3,3352.2,50558,2719
14-09-2021,3388,3388,3358,3361.85,13766,1594
13-09-2021,3354,3372.8,3332.4,3366.6,19664,2215
09-09-2021,3319.95,3357.95,3304,3346,16453,1725
08-09-2021,3339,3359.15,3298.45,3331.2,17725,1971
07-09-2021,3334.95,3393.7,3325.05,3335,41992,4481
06-09-2021,3350,3350,3305.45,3314.85,29069,2990
03-09-2021,3302,3344.4,3287.5,3338.75,36471,2932
02-09-2021,3315,3318.05,3267.15,3300.5,47125,6018
01-09-2021,3223,3332,3218.15,3303.1,83375,7481
31-08-2021,3106.7,3210,3106.6,3200.75,173998,4767
30-08-2021,3050,3113.25,3050,3106.7,65619,7085
27-08-2021,3039.7,3056.6,3021.05,3037.25,25591,3242
26-08-2021,3064,3083.25,3025.9,3039.7,40610,4398
25-08-2021,3045,3069,3013.9,3038.95,26610,2324
24-08-2021,3080,3094,3035.7,3045.8,42503,3089
23-08-2021,3140,3164.8,3051.15,3073.7,129514,7491
20-08-2021,3002.1,3123.35,3002.1,3112.7,318856,26943
18-08-2021,3050,3050,2993.2,3003.4,24360,2286
17-08-2021,2975,3044.3,2975,3013.55,172303,12422
16-08-2021,2984.9,2984.9,2960,2972.3,15449,1798
13-08-2021,2980,3001,2975.05,2988.4,32007,4378
12-08-2021,2972.6,2984.7,2958.85,2975.75,16288,1628
11-08-2021,2985,3000,2954.5,2972.05,193441,4363
10-08-2021,2995,3007.55,2960.9,2976.35,151171,9143
09-08-2021,2988,3015,2972,2992.75,48692,5478
06-08-2021,3000,3000,2962,2968.65,54409,7172
05-08-2021,3040,3040,2981,2989,21719,2703
04-08-2021,3030,3053.35,3012.75,3016.25,54950,5015
03-08-2021,3010,3064.95,2996.95,3027.3,104743,7066
02-08-2021,2968.65,2987.95,2961,2970.9,83591,5931
30-07-2021,3009.9,3009.9,2952,2958.55,25956,3028
29-07-2021,3010.1,3038.3,2991,2997.25,24262,2362
28-07-2021,3030,3033.35,2984.8,3002.9,95076,4455
27-07-2021,3084,3084,3021.2,3027.45,86306,6571
26-07-2021,3088.95,3117.25,3050,3063.3,79186,4547
23-07-2021,3115,3129.95,3078.45,3083.2,35179,2767
22-07-2021,3180,3180,3090.6,3104.45,173530,14769
20-07-2021,2992,3178,2981.7,3159.2,261867,20361
19-07-2021,2989.75,2998,2965.4,2979.35,207389,5216
16-07-2021,2999.95,3009.5,2965,2992.65,33609,2911
15-07-2021,3002.55,3009.15,2973,2982.75,28713,4926
14-07-2021,3001,3009,2986.1,3002,12650,1248
13-07-2021,3034,3034,2985,2993.1,22760,1728
12-07-2021,3023,3040,2991.6,2998.95,187220,2152
09-07-2021,3027,3036.05,3007.7,3010.45,12030,1335
08-07-2021,3044,3056,3018.9,3022.05,96623,3632
07-07-2021,3010,3060,3010,3039.55,88391,8670
06-07-2021,3018,3027.35,2995.8,3003.8,39884,3856
05-07-2021,3015,3049.75,3007.75,3016.95,24910,2319
02-07-2021,3030,3038.8,3001,3004.45,33230,3912
01-07-2021,3000,3026.75,2997.2,3023.3,26969,2310
30-06-2021,3006,3029.7,2985.5,2990.85,19035,2002
29-06-2021,2983,3023,2974.2,3001.4,38571,2843
28-06-2021,3029.9,3038.2,2975.7,2982.85,211346,3270
25-06-2021,3049.7,3053.65,2985.2,3003.25,37352,3284
24-06-2021,2989,3048.9,2975.6,3042.9,47190,5008
23-06-2021,3037.4,3037.4,2984.05,2988.5,440547,5866
22-06-2021,3080,3091,3003.4,3010.85,51579,6129
21-06-2021,3024,3078.6,3024,3069.55,39623,4799
18-06-2021,3062,3075.5,3016,3049.65,51629,6365
17-06-2021,3005,3073.75,3001.5,3060.35,69202,6948
16-06-2021,3030,3041.9,3006.6,3019,28909,2696
15-06-2021,2961.25,3048.95,2961.25,3041.85,465270,7402
14-06-2021,2961.95,2970,2916.55,2948.1,33431,4107
11-06-2021,2969,2969.95,2939.2,2957.1,58856,3396
10-06-2021,2947,2955,2921,2950.45,28081,3416
09-06-2021,2936,2964.95,2920.4,2944.1,124701,6780
08-06-2021,2922.7,2944.65,2906.9,2928.1,73054,4851
07-06-2021,2930,2940,2904.55,2934.1,155798,2311
04-06-2021,2946.25,2990,2909.25,2924,83656,3288
03-06-2021,2906,2941.95,2904,2934.9,47709,4583
02-06-2021,2912.75,2934.65,2877.4,2905.35,134600,7390
01-06-2021,2956,2982,2915.25,2933.15,110861,9333
31-05-2021,2940,2995,2935.1,2978.15,112866,6989
28-05-2021,2965,2965,2901.35,2939.95,52242,5145
27-05-2021,2944.2,2969.95,2902.6,2951.25,39786,3064
26-05-2021,2932,2947,2912.8,2941.6,33550,2801
25-05-2021,2840,2922.55,2825.7,2914.3,88536,6910
24-05-2021,2849,2849,2810,2818.95,29213,2274
21-05-2021,2805,2853.15,2796.3,2832.3,62492,5477
20-05-2021,2818.6,2845,2777.45,2795.2,61188,4802
19-05-2021,2802.15,2848.95,2798.85,2816.65,44612,2685
18-05-2021,2800,2844.75,2796.6,2821.35,41249,3194
17-05-2021,2789.4,2822.55,2747.95,2782.75,71241,5504
14-05-2021,2620,2839,2600,2773.6,503178,36531
12-05-2021,2579,2588.55,2530.25,2556.1,145066,6791
11-05-2021,2540,2561.95,2521.6,2556.6,64092,4986
10-05-2021,2573,2587.85,2543,2557.5,36226,2552
07-05-2021,2545.25,2590.6,2542.15,2551.5,28383,2036
06-05-2021,2565.25,2580,2528.65,2548.85,62620,4549
05-05-2021,2620.2,2620.2,2546,2567.65,74547,5571
04-05-2021,2585,2617.15,2571.7,2588.15,86217,5882
03-05-2021,2512,2593,2506.35,2583.15,61642,5115
30-04-2021,2561,2604.2,2525,2540.1,108167,8467
29-04-2021,2632,2641.9,2570.35,2613.55,65096,6086
28-04-2021,2594.9,2621,2576.7,2616,73504,5183
27-04-2021,2555,2578.7,2535,2574.65,23978,1592
26-04-2021,2534.9,2574,2532.5,2557.85,61665,4444
23-04-2021,2524.3,2564,2496.25,2518.2,57947,3511
22-04-2021,2525.2,2553,2488.05,2509.55,151514,6578
20-04-2021,2593,2601.1,2529.55,2555.65,141120,8121
19-04-2021,2630,2645.8,2567,2571.95,98935,9219
16-04-2021,2580,2692.4,2580,2665.8,90438,5563
15-04-2021,2581,2595.75,2537,2586.45,61936,5343
13-04-2021,2572,2625.5,2565.15,2571.5,34048,2238
12-04-2021,2585,2609.6,2555.2,2600.65,89867,4831
09-04-2021,2645,2652.4,2611.5,2628.65,31420,2095
08-04-2021,2630,2658,2628.05,2650.6,216110,2260
07-04-2021,2612,2667.05,2600,2627.65,114795,9992
06-04-2021,2520,2619.65,2505.55,2612.65,98345,7013
05-04-2021,2545.5,2553.3,2484.05,2510.5,109921,10681
01-04-2021,2536.75,2563.95,2534.25,2553.15,59971,4172
31-03-2021,2578,2581.8,2531.7,2536.75,57381,3162
30-03-2021,2527.45,2583,2523.85,2577.65,92657,6831
26-03-2021,2430,2513.6,2410.95,2504.55,95755,6226
25-03-2021,2441,2468.45,2393.5,2401.85,109698,9829
24-03-2021,2414,2469.95,2410.5,2444.2,131998,7199
23-03-2021,2428,2428,2398.9,2409.45,73829,3350
22-03-2021,2391.8,2437,2391.8,2424.85,42787,2721
19-03-2021,2396,2433,2355.05,2410.4,67921,3562
18-03-2021,2464.9,2468,2390.4,2404.25,54798,3673
17-03-2021,2465,2465,2412,2422.65,99609,7766
16-03-2021,2377.1,2499.65,2377.1,2470.8,261061,18271
15-03-2021,2405,2425.9,2343.85,2355.95,92191,9820
12-03-2021,2435,2461.9,2397.1,2401.95,42320,2601
10-03-2021,2445.5,2446,2415.65,2431.9,61150,5194
09-03-2021,2400,2443.35,2400,2423.3,121947,9712
08-03-2021,2398.7,2413.2,2359.4,2383.3,56212,4467
05-03-2021,2395,2423,2379.4,2386.75,83906,7140
04-03-2021,2380.35,2435,2358.25,2417.9,234111,8946
03-03-2021,2408,2417.4,2374.55,2402.25,84094,7675
02-03-2021,2380,2402.75,2359.05,2390.85,113677,9411
01-03-2021,2300.1,2369.5,2300,2363.05,143908,12341
26-02-2021,2348,2361.35,2261.45,2277.45,118943,10699
25-02-2021,2369,2387,2336.6,2373.5,263109,11487
24-02-2021,2379.65,2409.4,2264.6,2368.8,451607,23831
23-02-2021,2380.8,2399.4,2315,2373.35,167602,19710
22-02-2021,2425,2448,2380,2387.15,110041,11534
19-02-2021,2483.8,2483.8,2400,2418.9,68470,4262
18-02-2021,2425,2479,2395.75,2470.2,197238,14280
17-02-2021,2450,2453,2383.1,2389.2,101233,6544
16-02-2021,2460,2474.3,2421.35,2450,130536,12379
15-02-2021,2500,2517.95,2449.4,2457.7,71482,3769
12-02-2021,2528,2528,2465,2486,54905,2564
11-02-2021,2524.9,2534.75,2496,2505.4,125040,3363
10-02-2021,2532.5,2555,2475,2510.05,263773,17298
09-02-2021,2437,2532.55,2423.65,2507.1,398959,28476
08-02-2021,2382,2433.95,2373.45,2417.6,260574,13333
05-02-2021,2420,2423.6,2371.2,2376.8,491055,16176
04-02-2021,2465,2465,2398.15,2402,235929,6811
03-02-2021,2520,2520,2438.65,2452.9,83855,4878
02-02-2021,2481.3,2522.2,2425.7,2463.25,160460,9022
01-02-2021,2435,2465,2376.7,2446,132283,5562
29-01-2021,2461,2479.35,2400,2407.35,91226,11152
28-01-2021,2429.35,2453.2,2401.05,2442.7,208752,6724
27-01-2021,2540,2540,2429.4,2435.95,173938,19653
25-01-2021,2610,2626.4,2500,2514.55,218897,27585
22-01-2021,2762,2770,2590.5,2596.75,177232,14737
21-01-2021,2723.65,2815.95,2694.95,2714.65,496793,28569
20-01-2021,2660,2706,2645.1,2697.9,102709,9026
19-01-2021,2615,2675.9,2590,2645.6,124270,10950
18-01-2021,2590,2619.1,2556,2589.05,68959,4939
15-01-2021,2663.9,2663.9,2581.35,2590,60728,5045
14-01-2021,2704.5,2734.85,2646.5,2663.5,196770,8485
13-01-2021,2767,2767,2678.3,2704.5,117140,12222
12-01-2021,2840,2847.25,2724,2737.3,180912,8568
11-01-2021,2840,2871.4,2825.15,2849.2,48647,2990
08-01-2021,2820,2849.15,2790,2844,33667,2511
07-01-2021,2802,2831.4,2782.25,2791.35,835859,2556
06-01-2021,2801,2822,2780,2803.15,43364,3022
05-01-2021,2744.15,2802.95,2732.2,2793.25,74761,5384
04-01-2021,2784.4,2790,2745.2,2754.8,45644,3351
01-01-2021,2768,2790.8,2750.95,2775,52072,2560
31-12-2020,2736.8,2771.5,2725.6,2764.45,33405,2584
30-12-2020,2698.7,2740.9,2680.45,2733.55,44155,2368
29-12-2020,2685.1,2712.5,2673.8,2696.35,42410,2693
28-12-2020,2649.35,2688,2629.6,2683.65,50949,4145
24-12-2020,2646.25,2656.25,2613.1,2649.35,62540,3722
23-12-2020,2607.9,2649.6,2605.1,2642.75,44338,5199
22-12-2020,2501,2613.35,2495,2604.65,112012,7591
21-12-2020,2599.9,2602.2,2540,2554.7,82045,7986
18-12-2020,2586.9,2635.9,2576.55,2601.55,558635,5101
17-12-2020,2577,2603.25,2557.8,2574,42203,2657
16-12-2020,2549,2587.75,2542.05,2581.9,53875,3326
15-12-2020,2535,2539.8,2502.95,2527.15,36601,3077
14-12-2020,2524.8,2553.3,2522.65,2549.4,59159,2927
11-12-2020,2524.9,2531.35,2495,2520.2,65636,4530
10-12-2020,2518,2552.55,2500,2529.2,66058,4731
09-12-2020,2445.1,2530,2445.1,2521.15,81924,4533
08-12-2020,2473,2483.8,2428,2438.85,58542,5501
07-12-2020,2430,2478,2430,2473.1,51382,4478
04-12-2020,2410,2443.35,2374.9,2438.75,82745,5320
03-12-2020,2320,2421.65,2316.05,2410.85,216101,8209
02-12-2020,2239,2325,2238.95,2316.3,117046,6317
01-12-2020,2260,2260,2206.85,2229.7,65658,5493
27-11-2020,2171.1,2242.55,2169.95,2217.35,152215,10254
26-11-2020,2156,2176.75,2116.6,2156,70121,7065
25-11-2020,2207.6,2208.75,2150,2154.3,98467,5577
24-11-2020,2192,2230,2192,2207.6,140871,9898
23-11-2020,2166,2197.75,2140,2189.4,41339,3351
20-11-2020,2165,2190,2161,2163.85,73781,3127
19-11-2020,2183,2194.6,2156.45,2161.25,41850,4905
18-11-2020,2188,2210,2166.75,2196,53482,3870
17-11-2020,2189,2222.7,2182.45,2186.95,29882,2480
14-11-2020,2198.65,2198.65,2181.6,2184.5,6988,869
13-11-2020,2189.6,2205.4,2173.85,2179.55,160362,1935
12-11-2020,2172,2200.55,2162,2171.7,46553,3872
11-11-2020,2200,2223.6,2158,2181.9,63840,3754
10-11-2020,2227,2238.55,2189,2199.65,57767,3086
09-11-2020,2249.6,2249.6,2214,2224.95,59095,5385
06-11-2020,2238,2247.1,2202.7,2208.45,61017,5487
05-11-2020,2195.8,2246.25,2188.9,2238.45,87250,5283
04-11-2020,2150.05,2213.75,2150.05,2169.25,71434,6704
03-11-2020,2194.75,2194.75,2146.8,2154.95,41424,2843
02-11-2020,2207,2226,2166,2172.05,115668,7196
30-10-2020,2214,2242.3,2196.15,2213.05,50151,3523
29-10-2020,2160,2232.45,2159.55,2224.8,111252,9533
28-10-2020,2200,2218.2,2150.6,2159.2,230065,8914
27-10-2020,2072,2206.05,2072,2198.15,230498,18741
26-10-2020,2119,2119,2070.5,2080.7,32391,3056
23-10-2020,2115,2128.95,2096.85,2119.4,74833,6023
22-10-2020,2106,2114.95,2078,2100.25,66138,5903
21-10-2020,2137,2142.65,2081.1,2114.35,76913,6463
20-10-2020,2085.8,2131.5,2067.95,2119.3,59594,5373
19-10-2020,2070.1,2076.65,2056.25,2070.6,41532,3475
16-10-2020,2090.5,2090.5,2057,2061.75,29573,2605
15-10-2020,2077.6,2122.8,2069.45,2089.4,203353,4727
14-10-2020,2066.05,2084.35,2055.15,2071.3,53116,3530
13-10-2020,2072,2112.9,2054.4,2064.75,48983,3196
12-10-2020,2077,2085.95,2041.45,2076.9,41379,3061
09-10-2020,2090,2107.15,2046.45,2050.4,45926,4968
08-10-2020,2109,2109,2072.8,2090.6,27497,2265
07-10-2020,2091,2118,2074.65,2103.95,79722,6380
06-10-2020,2045,2096,2043.65,2090.6,71976,4994
05-10-2020,2040,2040,2010.6,2027.1,48222,4607
01-10-2020,2007,2048.5,1992.6,2040.95,92816,7291
30-09-2020,1968.9,2003.1,1959,1987.55,171692,3207
29-09-2020,1947,1990,1947,1959.85,55329,4434
28-09-2020,1939.9,1958.5,1930.05,1946.1,33637,2504
25-09-2020,1921,1954.4,1908.3,1924.4,71772,5569
24-09-2020,1946.4,1946.4,1908.95,1919.2,37134,3533
23-09-2020,1949,1989,1928.65,1946.5,80646,5607
22-09-2020,1987,1995.75,1930,1935.8,94490,8897
21-09-2020,2040,2056.4,1963.45,1972.7,98479,8012
18-09-2020,2011,2043.25,2011,2028.8,59763,4329
17-09-2020,2005,2045,1999.75,2008.4,81431,5508
16-09-2020,2034,2034,1995.3,2014.55,35474,2284
15-09-2020,2045,2049.05,2009.95,2016.95,45482,3802
14-09-2020,2059.8,2059.8,2005.1,2031.55,62756,3833
11-09-2020,2064,2068.15,2022.5,2035.2,87300,5854
10-09-2020,1988,2087.75,1982.35,2062.9,152547,7181
09-09-2020,1979.9,1992.65,1958.2,1978.8,58760,3557
08-09-2020,1985.5,2001,1950.95,1958.15,67393,3838
07-09-2020,1979,2003.8,1948.15,1981.95,59448,3733
04-09-2020,1910,1992.35,1910,1956,85206,6008
03-09-2020,1952.85,1987.35,1945.6,1978.45,67113,5474
02-09-2020,1930,1995.65,1926.2,1946,80775,4927
01-09-2020,1923,1986.85,1911,1978.2,87871,6930
31-08-2020,1982.9,1982.9,1883.5,1903.4,50229,4171
28-08-2020,1996,1997.95,1954.35,1957.7,43587,3019
27-08-2020,1976.5,2008.4,1970.35,1982,55384,3867
26-08-2020,2002,2009.4,1956,1971.05,88476,6259
25-08-2020,1956,2015.95,1956,2001,98984,7872
24-08-2020,1956.5,1994.75,1940,1963.25,110157,7487
21-08-2020,1880.5,1971,1880.5,1958.35,203246,11873
20-08-2020,1870,1880,1817.8,1875.25,26325,2056
19-08-2020,1884,1902.1,1873.65,1885.7,43889,2979
18-08-2020,1836,1883,1832.15,1873.6,79513,4883
17-08-2020,1825,1841.7,1801.85,1835.85,49547,3274
14-08-2020,1806,1829.65,1795.65,1801.6,209020,3570
13-08-2020,1804,1814.9,1793.7,1802.15,33880,2143
12-08-2020,1785,1805.35,1771.4,1796.75,43121,3064
11-08-2020,1795,1836.75,1781,1789.55,133968,8998
10-08-2020,1815.8,1823.95,1778.2,1782.45,61959,4049
07-08-2020,1729.9,1816.5,1727.55,1805.05,219617,14272
06-08-2020,1725.1,1752,1721,1728.25,50206,4279
05-08-2020,1723,1741,1713.15,1717.15,46806,4012
04-08-2020,1725,1734.85,1708.9,1714.3,285694,3036
03-08-2020,1720.1,1733.55,1697.5,1704.95,47093,4712
31-07-2020,1750,1770,1710.2,1716.65,35565,3062
30-07-2020,1746,1778.4,1729,1743.1,47620,3465
29-07-2020,1766.1,1779,1731.2,1737.45,32540,2278
28-07-2020,1778,1792.2,1752,1759.6,56792,3352
27-07-2020,1718.1,1788,1718.1,1777.75,224535,15635
24-07-2020,1727,1727,1683,1710.95,92677,6668
23-07-2020,1685.05,1739.25,1685.05,1727.4,115643,6924
22-07-2020,1723.6,1736,1691.1,1697.45,36578,3516
21-07-2020,1761,1771.7,1718.9,1723.6,78099,5909
20-07-2020,1725,1756.85,1722,1751.95,86703,7333
17-07-2020,1707,1742,1686.7,1717.95,63342,3985
16-07-2020,1692,1697,1645.9,1692.65,39730,3609
15-07-2020,1695,1712.85,1663.45,1671.3,96356,6234
14-07-2020,1706,1717.2,1682.75,1688.45,38955,2511
13-07-2020,1704,1732,1700.85,1705.65,38693,2478
10-07-2020,1713.7,1713.7,1695,1703.05,22732,1976
09-07-2020,1690,1721.4,1690,1716.8,79237,6506
08-07-2020,1753,1760.5,1681,1686.6,69263,5486
07-07-2020,1714,1748.8,1709,1745.45,90193,5524
06-07-2020,1703.5,1710.9,1692.5,1708.35,63840,5315
03-07-2020,1689,1719.8,1689,1696.1,74355,5818
02-07-2020,1693,1703.7,1660.3,1686.7,73280,6494
01-07-2020,1685,1697.7,1681,1688.1,36789,3355
30-06-2020,1709.7,1717.5,1682.35,1687.35,55664,4719
29-06-2020,1689,1708,1674.65,1691.95,88399,6696
26-06-2020,1712,1713.65,1670.2,1687.35,71045,5136
25-06-2020,1730.5,1746.3,1683.85,1688.85,90372,6559
24-06-2020,1689,1813.1,1686.2,1746.4,297632,21980
23-06-2020,1655.55,1688,1641.15,1683.65,93279,8494
22-06-2020,1632,1673,1624.55,1653.45,53386,3763
19-06-2020,1595,1630,1592.55,1622.25,77035,6068
18-06-2020,1601.8,1612,1588.05,1598.9,58275,5106
17-06-2020,1619.8,1622.55,1591,1596.1,40030,3279
16-06-2020,1640,1640,1608.75,1621.05,74648,3914
15-06-2020,1635,1650.7,1602.3,1618.05,41365,4408
12-06-2020,1586.5,1642.6,1575,1637.95,55787,5193
11-06-2020,1636,1645.25,1606.65,1609.55,42854,4202
10-06-2020,1642,1680.8,1628.3,1636.2,54345,4512
09-06-2020,1653,1694.3,1638,1641.55,94930,6957
08-06-2020,1654,1665.75,1629,1634.45,135494,4629
05-06-2020,1654,1658.8,1621.35,1638.4,72995,5697
04-06-2020,1727,1727,1626.6,1633,132298,7526
03-06-2020,1723,1738.1,1705.9,1716.3,45143,2994
02-06-2020,1693.5,1732.35,1681.45,1709.85,49661,3576
01-06-2020,1693.45,1710,1682,1693.5,64045,4064
29-05-2020,1643.5,1697.95,1634.75,1684.4,67099,4997
28-05-2020,1621,1657,1616.6,1643.75,62689,3584
27-05-2020,1628.15,1637.55,1596.85,1619.75,44186,3236
26-05-2020,1625,1656,1621.45,1630.5,77530,5897
22-05-2020,1571,1624.75,1556,1617.85,121081,6659
21-05-2020,1501,1582,1501,1575,115726,9078
20-05-2020,1500.5,1514.2,1494,1500.45,50292,4998
19-05-2020,1506.3,1516.65,1482.85,1505.75,85162,5040
18-05-2020,1564,1564,1498.7,1501.15,74506,5678
15-05-2020,1530,1559.6,1510.15,1553.75,63913,3933
14-05-2020,1554.95,1556.3,1518,1522.15,61253,4156
13-05-2020,1575,1575.05,1533.85,1562.9,78146,4651
12-05-2020,1537.8,1543.4,1511.95,1523.2,151244,8561
11-05-2020,1580,1601.1,1555,1569.25,98329,6593
08-05-2020,1615,1636.75,1570,1577.9,142098,8940
07-05-2020,1610,1627.65,1546.25,1593.95,123689,9219
06-05-2020,1611,1637.65,1578.45,1610.6,261964,17451
05-05-2020,1681.35,1693.3,1578.5,1618.55,129793,12284
04-05-2020,1748,1751,1672.25,1676.2,105552,12657
30-04-2020,1790,1795.75,1741.55,1760.05,71840,4744
29-04-2020,1855,1855,1757,1768,76324,6754
28-04-2020,1849.9,1862.5,1807.05,1824.2,51777,5922
27-04-2020,1830.2,1860,1818.5,1852.3,38365,3844
24-04-2020,1819,1842.5,1815,1827.4,44473,3348
23-04-2020,1810,1845,1749,1820.4,131943,6008
22-04-2020,1707,1821.5,1707,1812.65,72275,6103
21-04-2020,1700,1752.75,1700,1725.6,36059,3707
20-04-2020,1757,1757,1706.3,1731.65,37285,5161
17-04-2020,1769.95,1783.15,1728,1754.6,38282,4210
16-04-2020,1640,1751.95,1640,1742.35,57616,5693
15-04-2020,1713,1737.2,1683.95,1718.4,52937,3835
13-04-2020,1649,1701.75,1603.05,1679.35,63144,5499
09-04-2020,1658,1678.2,1620.75,1652.45,47989,3866
08-04-2020,1637.95,1686.05,1600.3,1609.6,61629,6409
07-04-2020,1549,1634.15,1537.8,1624.05,84665,6820
03-04-2020,1624,1624,1517.45,1521.3,69260,8626
01-04-2020,1651,1655,1585.05,1603.9,55464,5544
31-03-2020,1650,1689,1603.05,1666.7,61896,5424
30-03-2020,1592,1619,1561,1597.15,160094,4771
27-03-2020,1660,1665.75,1550,1606.2,807798,8857
26-03-2020,1647.8,1690,1572.9,1629.7,121252,6062
25-03-2020,1500,1605.1,1450,1594.05,79503,8614
24-03-2020,1522,1648.6,1454.35,1525.25,114125,11377
23-03-2020,1599,1682.7,1491,1498.75,109927,8916
20-03-2020,1614,1757.45,1574.15,1745.85,115069,9562
19-03-2020,1575,1651.5,1431.85,1603,558859,13718
18-03-2020,1734,1755.6,1608.75,1616.65,183350,10381
17-03-2020,1691.1,1778.95,1670,1734.2,101591,6210
16-03-2020,1785,1785,1678.05,1682.95,86263,8009
13-03-2020,1794,1844.15,1658.6,1797.6,140881,8115
12-03-2020,1870,1873.9,1815.8,1842.85,268912,7404
11-03-2020,1879,1905,1852.55,1882.65,62767,4758
09-03-2020,1880,1915.9,1847.3,1869.45,85111,4127
06-03-2020,1851,1884.5,1837,1878.5,42355,2461
05-03-2020,1854,1882,1850.05,1875.45,31033,1994
04-03-2020,1805,1857.2,1805,1849.85,60214,2799
03-03-2020,1789.6,1816,1768,1801.65,136660,1630
02-03-2020,1810,1838,1768.85,1788.55,148962,1890
28-02-2020,1832,1841,1783.65,1798.2,50582,2816
27-02-2020,1827,1852.5,1812.15,1844.35,32008,2433
26-02-2020,1830,1843.55,1821,1826.55,27161,1686
25-02-2020,1830.05,1842.85,1821,1825.25,11010,800
24-02-2020,1842.85,1854,1813,1818.75,51065,4818
20-02-2020,1885,1885,1840,1842.85,42160,2859
19-02-2020,1865.05,1892.35,1852.65,1886.25,88461,1938
18-02-2020,1880,1884.8,1862,1863.3,47686,1786
17-02-2020,1877.25,1893.8,1871.9,1881.35,12018,944
14-02-2020,1883.95,1900,1870.3,1877.2,26069,1832
13-02-2020,1894,1902.25,1868.8,1874.05,43418,2126
12-02-2020,1875,1915.65,1875,1892.05,88864,3306
11-02-2020,1875.15,1894,1872.9,1877.15,64006,3170
10-02-2020,1860.7,1872.4,1838.4,1870.35,21056,1585
07-02-2020,1863,1876.8,1851.5,1857.55,1369910,2125
06-02-2020,1865.5,1882.8,1846.3,1861,3597728,2683
05-02-2020,1890.85,1890.85,1867,1872.3,36156,3264
04-02-2020,1871,1896,1856,1890.85,74140,4242
03-02-2020,1766,1872.5,1766,1867.4,85199,6769
01-02-2020,1818,1818,1747.8,1756.4,43019,3130
31-01-2020,1810,1823.05,1789.05,1795.25,20551,1724
30-01-2020,1807,1809,1786.8,1805.4,22427,1563
29-01-2020,1788,1803,1781.1,1796.5,16350,2428
28-01-2020,1797,1797,1773.5,1778.7,53037,4422
27-01-2020,1793,1805.25,1779.9,1787.05,42583,3215
24-01-2020,1777,1800,1777,1786.1,47531,3562
23-01-2020,1783.5,1788.35,1758,1775.3,45843,3470
22-01-2020,1818,1818,1769.6,1778.3,92872,6470
21-01-2020,1847,1847,1794.75,1810.25,62675,3505
20-01-2020,1832,1861.95,1832,1848.6,53382,4228
17-01-2020,1836,1839.35,1815.9,1831.2,16607,1791
16-01-2020,1838.2,1845,1829.75,1834.95,22335,1691
15-01-2020,1815.85,1845.9,1810.4,1841.75,39854,2158
14-01-2020,1809,1822.75,1805.95,1818.55,46705,1931
13-01-2020,1798,1807,1795.05,1805.25,15781,1229
10-01-2020,1773,1796.6,1760.35,1791.05,35343,2597
09-01-2020,1760,1775.3,1741.65,1773,39988,3377
08-01-2020,1699,1737.3,1695.3,1730.85,13901,1079
07-01-2020,1708.3,1740.8,1708.3,1723.9,20856,1545
06-01-2020,1744.9,1744.9,1694,1707.5,68842,5402
03-01-2020,1788,1788,1747.25,1751.65,26202,2170
02-01-2020,1790.6,1800,1785,1790.25,22940,1159
01-01-2020,1790.15,1803,1785,1793.75,32156,2782
31-12-2019,1802.65,1803,1781.15,1786.85,26590,1131
30-12-2019,1812.95,1816.8,1799,1802.4,14226,1030
27-12-2019,1810,1825.75,1801,1812.95,21616,1307
26-12-2019,1800.85,1818.9,1798.1,1810.1,20134,1346
24-12-2019,1810,1825.9,1798.8,1803.4,24865,1328
23-12-2019,1790,1814,1787.05,1807.45,26786,1054
20-12-2019,1809.8,1809.8,1796,1798.55,59466,2387
19-12-2019,1783,1807.55,1778.5,1802,60524,2396
18-12-2019,1741.55,1782,1734.8,1778.55,1185201,1999
17-12-2019,1740,1749,1731.65,1745.3,12369,844
16-12-2019,1758,1758,1728.05,1731.65,54822,1277
13-12-2019,1754,1757.55,1737,1744,41599,1156
12-12-2019,1743,1753.9,1728.05,1751,46461,1832
11-12-2019,1705.15,1742,1705.15,1737.7,59669,1918
10-12-2019,1730.9,1731.75,1710,1713.4,16006,1515
09-12-2019,1721.5,1732.3,1711.15,1726.45,65699,3626
06-12-2019,1714,1747.5,1713,1717.35,34823,1883
04-12-2019,1728.65,1733.95,1711.1,1720.6,33220,2352
03-12-2019,1741.95,1750,1724.95,1737.1,179743,1935
02-12-2019,1704,1743.1,1698.1,1738.3,46859,2061
29-11-2019,1715,1719.2,1678.8,1704,32884,2047
28-11-2019,1728.5,1728.5,1702.2,1713.45,22812,1145
27-11-2019,1710.7,1730.55,1705.65,1715.7,28321,1651
26-11-2019,1722.9,1728.3,1687.85,1710.6,36099,2084
25-11-2019,1685,1719.9,1666,1708.55,63704,2764
22-11-2019,1715,1715,1676.25,1682.4,82012,3000
21-11-2019,1723.15,1733.55,1711.05,1719.8,116324,2236
20-11-2019,1740,1748.4,1716.55,1722.8,59062,1973
19-11-2019,1740.1,1746.75,1719.2,1721,191367,1931
18-11-2019,1766,1766,1734.85,1738.8,43677,2049
15-11-2019,1780,1783.75,1757.4,1761.65,20780,1708
14-11-2019,1771,1799.2,1767.05,1775.1,81018,2686
13-11-2019,1775,1786.5,1756.95,1770.4,30488,1681
11-11-2019,1793,1793.55,1768.4,1773.8,31636,2142
08-11-2019,1825,1827.2,1791.75,1794.55,57071,3049
07-11-2019,1804,1830.5,1798.15,1826.65,60768,3507
06-11-2019,1784.55,1814.75,1781.65,1798.35,59570,3030
05-11-2019,1784.9,1797.95,1767.55,1794.6,30360,1543
04-11-2019,1776.9,1790,1766.45,1785.65,23767,1457
01-11-2019,1801,1821.4,1761.9,1765.95,49397,4073
31-10-2019,1825.3,1833.65,1804.25,1810.75,21191,1106
30-10-2019,1823,1827,1804.45,1821.3,33456,1963
29-10-2019,1793,1819.5,1774,1814.8,57674,1879
27-10-2019,1801,1807.7,1790,1793.95,6091,526
25-10-2019,1791,1808.95,1785.05,1797,81860,1709
24-10-2019,1777,1794.8,1753.9,1790.75,39297,2347
23-10-2019,1765,1800.9,1763.2,1766.4,59710,2926
22-10-2019,1817.05,1821.6,1775.6,1779.8,50540,2939
18-10-2019,1812.95,1823.85,1788.7,1816.6,36016,1743
17-10-2019,1768.3,1816.4,1755.65,1812.95,39796,2209
16-10-2019,1808,1813.9,1757.35,1765.7,35320,2311
15-10-2019,1797,1824.15,1797,1802.5,53941,2166
14-10-2019,1789,1806.15,1785,1797.65,33469,1885
11-10-2019,1782,1801.6,1764.55,1790,33981,1915
10-10-2019,1770,1793.25,1758.85,1778.45,37922,2022
09-10-2019,1723,1777.4,1723,1773.15,36346,1676
07-10-2019,1724,1743,1717.8,1722.6,40018,1677
04-10-2019,1752,1760,1717.55,1724.75,25278,1569
03-10-2019,1764.7,1766.4,1733.25,1749.25,39156,1955
01-10-2019,1767.35,1799,1758,1764.7,76263,2255
30-09-2019,1772,1772,1738.5,1763.7,26551,1446
27-09-2019,1770,1780.4,1736.4,1776.25,39097,1922
26-09-2019,1756.05,1778.75,1752,1770.7,41655,2477
25-09-2019,1781,1781,1728.2,1752.4,37830,2252
24-09-2019,1802.1,1802.1,1752,1766.95,52867,3038
23-09-2019,1690,1819.55,1690,1804.25,235460,10447
20-09-2019,1554.4,1724,1541.95,1672.35,188884,8303
19-09-2019,1550,1563.3,1545.15,1554.35,50857,3565
18-09-2019,1542,1560.85,1536.3,1548.1,36898,2082
17-09-2019,1525,1542.95,1519.25,1531.05,35837,1975
16-09-2019,1515,1525.95,1501.25,1520.55,38289,2782
13-09-2019,1537,1552.35,1528.3,1547.95,25561,2178
11-09-2019,1544.1,1564.5,1543.6,1561.3,29999,1866
09-09-2019,1531,1543.95,1524.9,1540.8,53314,1949
06-09-2019,1518.5,1540,1518.5,1532.65,29013,1353
05-09-2019,1537.6,1545.8,1516,1520.15,37331,1927
04-09-2019,1588,1588,1527.9,1534.9,40724,2069
03-09-2019,1608,1609,1574.35,1576.5,29175,1657
30-08-2019,1615,1621.95,1595.75,1615.2,29379,1475
29-08-2019,1604,1620,1589.5,1615.4,44727,1650
28-08-2019,1600,1606.15,1590.8,1603.7,26545,1297
27-08-2019,1599.5,1606.75,1586.7,1601.15,65667,2760
26-08-2019,1595,1601.3,1577.45,1597.9,25374,1334
23-08-2019,1565,1583.1,1556,1579.75,51085,1411
22-08-2019,1590,1593.9,1567,1570.35,30208,1675
21-08-2019,1590,1595,1580,1589.45,24031,1190
20-08-2019,1584,1599.05,1583.3,1595.05,27969,1962
19-08-2019,1601.75,1609.4,1582.25,1586.55,49771,2001
16-08-2019,1568,1600,1561,1597,45123,2294
14-08-2019,1572.85,1575.95,1553.75,1569.15,36164,1519
13-08-2019,1575,1593.5,1567.6,1572.75,89989,2595
09-08-2019,1568,1581.55,1561.4,1575.2,78081,2552
08-08-2019,1560.2,1570.05,1540.65,1566.3,64135,2236
07-08-2019,1568.8,1575,1552,1559,56502,3016
06-08-2019,1520,1570,1520,1566.3,71421,3677
05-08-2019,1540,1550,1522.2,1524.6,66699,3394
01-08-2019,1520.8,1531.2,1494.3,1504.45,42567,2416
31-07-2019,1508,1524.75,1496.1,1521.25,77090,2318
30-07-2019,1513.1,1526.6,1503.3,1508.1,53684,3213
29-07-2019,1524.6,1538.35,1507,1513.1,61677,3156
26-07-2019,1495,1530,1486.1,1524.6,83678,4480
25-07-2019,1483,1502.65,1459.1,1495.5,123850,6921
24-07-2019,1430,1493.4,1396,1483.6,319104,15108
23-07-2019,1410,1443.75,1402,1428.35,105936,7396
22-07-2019,1385,1409.7,1359.4,1403.35,73035,3151
19-07-2019,1389.95,1398.85,1365,1368,31043,2517
18-07-2019,1400,1400,1377.2,1383.7,16427,1082
17-07-2019,1375.05,1404,1375.05,1394.85,69993,2935
16-07-2019,1354.95,1375,1346,1371.9,52584,2423
15-07-2019,1370,1370,1348.2,1353.8,39418,2686
12-07-2019,1331,1367.7,1326.2,1360.4,29548,1469
11-07-2019,1323,1336.45,1311.05,1332.7,30459,1564
10-07-2019,1336.8,1338.45,1312.6,1322.85,27384,1691
09-07-2019,1342.05,1342.05,1291.45,1320.45,67661,3416
08-07-2019,1358.6,1361.35,1333.1,1339.75,27813,1541
05-07-2019,1360.6,1373,1353.95,1358.4,29612,1490
04-07-2019,1364.8,1366.65,1352,1359.8,118395,1866
03-07-2019,1353.6,1370.55,1350.25,1352.35,53137,2299
02-07-2019,1357.65,1359.5,1341.75,1345.95,28790,1543
01-07-2019,1365,1371.75,1352,1354.15,28973,1615
28-06-2019,1365,1370.9,1350,1357.65,28107,1383
27-06-2019,1366.9,1369.5,1357.95,1361.9,468469,2040
26-06-2019,1361.5,1370.1,1352.2,1359.9,27299,1217
25-06-2019,1374.9,1374.9,1360.15,1363.2,38871,1793
24-06-2019,1383.15,1396.7,1368.7,1376.45,25456,1156
21-06-2019,1384,1394,1372.65,1382.95,34757,1287
20-06-2019,1370,1404.15,1360.85,1390.1,48619,1512
19-06-2019,1390.8,1396.8,1371.9,1381.75,33140,1487
18-06-2019,1413.85,1413.85,1376.65,1380.4,80101,2953
17-06-2019,1415,1424.6,1397.15,1401.8,30732,1277
14-06-2019,1430,1431.7,1411,1412.65,42480,1839
13-06-2019,1438.7,1438.7,1421.1,1427.15,40965,2942
12-06-2019,1434.8,1439.8,1420.25,1425.55,34470,1797
11-06-2019,1435,1435,1411,1426.25,35944,1580
10-06-2019,1423.05,1442,1417.45,1422,163137,5428
07-06-2019,1427.5,1438.25,1413.35,1421.1,68770,1705
06-06-2019,1428,1459.55,1423.65,1427.8,170376,4345
04-06-2019,1459,1459,1417.55,1421.25,58179,2765
03-06-2019,1424.95,1464.9,1424.95,1458,237684,6587
31-05-2019,1377.2,1426,1377.2,1406.7,181554,6939
30-05-2019,1359.35,1387.5,1353.6,1373.35,111685,3047
29-05-2019,1364,1365,1347.8,1359.35,28061,1630
28-05-2019,1366.15,1387.8,1360.55,1366.3,36796,1866
27-05-2019,1393.2,1395,1362,1365.7,122444,2378
24-05-2019,1385,1399,1377.35,1385.55,59076,1885
23-05-2019,1375.2,1386.9,1359,1369.45,162040,2196
22-05-2019,1379,1379,1349,1366.75,28658,1353
21-05-2019,1383.5,1383.85,1352.2,1358.55,42514,2398
20-05-2019,1335.15,1377,1335.15,1372.75,40655,1827
17-05-2019,1306.9,1329,1301.75,1318.15,54789,2250
16-05-2019,1311.7,1314,1294.5,1307,26517,1325
15-05-2019,1327,1328.6,1303.65,1307.15,34651,1699
14-05-2019,1331.7,1333.45,1301.9,1318.85,86170,3005
13-05-2019,1340,1344.3,1324.25,1332.9,36217,1996
10-05-2019,1310.05,1355,1310.05,1340.95,321292,6160
09-05-2019,1390,1393,1347,1355.8,152591,5151
08-05-2019,1382.8,1399,1365.65,1387.6,75841,2235
07-05-2019,1431.5,1431.5,1377.15,1387.65,93883,2799
06-05-2019,1435,1447.75,1410,1414.9,45237,1733
03-05-2019,1441,1455,1433.4,1437.75,22766,869
02-05-2019,1471.9,1471.9,1433,1437.85,28203,1360
30-04-2019,1456,1476.9,1450,1463,34326,1703
26-04-2019,1448,1456.6,1436.8,1448.05,71212,1977
25-04-2019,1445,1459.7,1439.6,1448.25,18421,967
24-04-2019,1435,1458.45,1433.65,1449.15,50321,1287
23-04-2019,1450,1454.1,1427.55,1431.3,33307,1273
22-04-2019,1464,1464,1435.1,1443.25,29533,1278
18-04-2019,1462,1478.8,1460.3,1465.35,37336,1671
16-04-2019,1449.9,1464.9,1442.05,1455.85,56757,2382
15-04-2019,1446.95,1450.65,1427,1432.3,39459,1482
12-04-2019,1430,1444.8,1425.15,1437.6,95241,3135
11-04-2019,1411.45,1431.6,1409.65,1422.65,63471,3071
10-04-2019,1458,1458,1405,1412.45,109638,4389
09-04-2019,1470,1474.1,1439.7,1443.5,545787,8063
08-04-2019,1519.9,1519.9,1486.95,1496.4,24122,1245
05-04-2019,1518.95,1523.7,1504.05,1514.75,33942,1316
04-04-2019,1510,1525,1504,1518.7,51385,2483
03-04-2019,1518,1529.95,1491.25,1496.95,46421,2230
02-04-2019,1490.2,1520,1485,1515.75,55390,2446
01-04-2019,1497.55,1503.75,1487.85,1490.45,18371,823
29-03-2019,1500.7,1507.95,1485,1491.9,33708,1150
28-03-2019,1482,1505,1473.7,1494.5,48039,1616
27-03-2019,1486.55,1495,1465.9,1472.9,87561,2305
26-03-2019,1465.95,1491.25,1458,1484.45,162398,2328
25-03-2019,1466.5,1474.8,1452.3,1456.6,67266,1743
22-03-2019,1465,1479,1454.1,1470.7,87506,2144
20-03-2019,1456.2,1464.8,1449,1454.95,53333,1610
19-03-2019,1446,1458.95,1440.2,1453.9,20394,1288
18-03-2019,1441.3,1459,1436.35,1445.8,37582,1719
15-03-2019,1435.05,1456.65,1430,1432.25,49348,1790
14-03-2019,1435.2,1446,1420.45,1434.05,54271,2096
12-03-2019,1418.5,1444.35,1418.5,1427.25,49682,2081
11-03-2019,1383.6,1423.5,1383.6,1417.9,225655,5291
08-03-2019,1397.25,1397.25,1380.7,1383.6,31762,1461
07-03-2019,1399.05,1405.2,1392.05,1397.25,36617,1533
06-03-2019,1406.05,1408,1387.2,1393.75,86206,2634
05-03-2019,1394.5,1409,1384.8,1401.2,49259,1821
01-03-2019,1407.6,1417.7,1388.15,1392.15,40824,1971
28-02-2019,1413,1415.45,1401,1405.05,64092,1195
27-02-2019,1401.25,1428.45,1395.4,1402.5,115782,2656
26-02-2019,1399,1406.5,1379.15,1401.25,32435,1287
25-02-2019,1402.8,1405.8,1391.75,1398.75,30741,1766
22-02-2019,1400,1406.95,1383.95,1398.3,115191,928
21-02-2019,1398.55,1407.75,1392,1397.75,77586,4201
20-02-2019,1384.15,1396.4,1377,1394.4,27431,1042
19-02-2019,1376,1397,1372,1378.95,25386,1393
18-02-2019,1400,1400,1346.75,1379.75,61173,2331
15-02-2019,1399.45,1402.8,1373,1395.25,44934,1345
14-02-2019,1419.65,1422.45,1397.05,1399.45,30053,1396
13-02-2019,1455.9,1455.9,1416.75,1423.1,22255,854
12-02-2019,1435,1456.55,1434.55,1448.7,109386,2941
11-02-2019,1450,1456.15,1427,1437.95,45399,2012
08-02-2019,1475,1478.6,1445,1448.4,44825,1602
07-02-2019,1474.75,1476,1457.65,1472.05,27995,1261
06-02-2019,1468.7,1472.95,1433.85,1465.85,48299,1967
05-02-2019,1444,1465.95,1444,1450.45,34126,1452
04-02-2019,1453,1453,1430.3,1448.4,41293,2473
01-02-2019,1416,1469.35,1409.5,1456.95,144133,5202
31-01-2019,1396.45,1415,1392.05,1412.65,62578,2446
30-01-2019,1394,1415,1373.5,1388.75,76583,2549
29-01-2019,1380,1400,1373.05,1392.5,100064,3605
28-01-2019,1370,1390,1368.35,1379.2,117696,1912
25-01-2019,1405,1415,1353.15,1372.2,93230,3800
24-01-2019,1400,1413.3,1396,1400.25,222006,4597
23-01-2019,1430,1430,1390.75,1396.05,134965,5175
22-01-2019,1425,1431.5,1378,1406.55,298450,8604
21-01-2019,1399.8,1424.2,1396.5,1420.65,369857,5639
18-01-2019,1399.75,1404.25,1384.05,1401.3,151185,1524
17-01-2019,1397,1399.2,1385.2,1389.45,46009,1439
16-01-2019,1407,1413.6,1386.3,1389,79935,1084
15-01-2019,1388.45,1414,1388.45,1406.05,35551,1862
14-01-2019,1410,1410.25,1386.8,1388.4,80948,1455
11-01-2019,1397,1406.6,1394,1402.2,26143,1345
10-01-2019,1387.1,1402.35,1387.1,1397.55,32690,1162
09-01-2019,1411.95,1413.5,1390,1402.9,263397,3955
08-01-2019,1400,1412.75,1396.55,1401.25,58379,2934
07-01-2019,1394.4,1404.05,1384.5,1394.8,89437,1701
04-01-2019,1388,1401.3,1380.05,1385.3,70056,2724
03-01-2019,1382,1392,1379.95,1385.15,132887,4403
02-01-2019,1371,1386.75,1363.3,1381.55,84625,1513
01-01-2019,1380,1380.1,1351.6,1371.85,43844,1165
31-12-2018,1379.5,1379.5,1359.75,1373.7,36987,1260
28-12-2018,1372.1,1384.25,1361,1365.35,65162,1975
27-12-2018,1362.5,1385,1355.1,1367.05,171307,4566
26-12-2018,1372.6,1373.6,1344.35,1362.2,278457,3566
24-12-2018,1390,1390.15,1352.2,1356.05,143992,2374
21-12-2018,1444,1444,1382.4,1387.8,101349,3147
20-12-2018,1392,1431.5,1389.8,1425.3,348911,5122
19-12-2018,1370,1404.9,1369.9,1400.4,335104,6281
18-12-2018,1344.5,1358.95,1330,1354.45,156641,2007
17-12-2018,1342,1350,1330.3,1334.85,134187,1925
14-12-2018,1335,1349.55,1319.5,1340.05,96372,3140
13-12-2018,1340,1342,1316,1320.15,111751,1595
12-12-2018,1323.95,1336.5,1312.3,1328.7,333795,2675
11-12-2018,1263,1334.45,1254.35,1323.95,137533,4933
10-12-2018,1299,1306.1,1263.3,1272.7,95741,2053
07-12-2018,1311.8,1323.15,1300,1318.6,143387,2595
06-12-2018,1330,1330,1287,1295.05,68703,1939
05-12-2018,1330,1342.2,1323.65,1328.3,101613,1251
04-12-2018,1346,1353.75,1326.5,1329.35,118747,1635
03-12-2018,1349.9,1360,1333.5,1339.9,49563,1494
30-11-2018,1352,1361.75,1341,1344.9,65633,1929
29-11-2018,1332.2,1355.65,1332,1352.65,66655,2001
28-11-2018,1341,1358,1318.15,1323.65,58394,2026
27-11-2018,1305.05,1345.9,1305.05,1339.2,131208,1463
26-11-2018,1330,1357.65,1323,1349.6,587377,5369
22-11-2018,1330,1330,1309.45,1313.85,112036,1249
21-11-2018,1326.25,1341.8,1314,1322.9,81450,2504
20-11-2018,1321,1330.9,1304.05,1306.6,93864,2305
19-11-2018,1332.9,1332.9,1305.3,1311.9,91251,2456
16-11-2018,1320,1332,1313.55,1320.45,118380,2100
15-11-2018,1319.9,1333,1311,1312.25,523482,2404
14-11-2018,1322,1337,1290,1319.9,286905,4496
13-11-2018,1279,1299,1279,1284.8,173899,2409
12-11-2018,1298.9,1314.95,1272.85,1275.55,89706,2844
09-11-2018,1265,1307.25,1259.5,1298.2,158630,4604
07-11-2018,1250,1253.4,1245,1250.85,10843,489
06-11-2018,1242,1254.45,1232.1,1238.75,51561,1238
05-11-2018,1254,1260.25,1233.5,1242.15,91858,2242
02-11-2018,1240,1289.65,1227.8,1246.15,288173,6056
01-11-2018,1229,1244.05,1212.4,1217.2,80205,2440
31-10-2018,1210,1232,1185,1227.25,112677,2270
30-10-2018,1192,1207.8,1176.75,1197.45,45521,1659
29-10-2018,1190.25,1212.8,1187,1195,90499,2391
26-10-2018,1203,1205,1168.8,1189.45,204879,8145
25-10-2018,1180,1211.15,1153.15,1200.6,102248,3527
24-10-2018,1164,1199.2,1150.8,1189.95,175754,6577
23-10-2018,1133,1190,1119.6,1138.8,669485,20278
22-10-2018,1260,1260,1193,1201.45,77845,3191
19-10-2018,1267.9,1287.4,1221.95,1237.95,184590,8405
17-10-2018,1278.1,1281.35,1253,1256.2,37259,1969
16-10-2018,1272.05,1283.5,1255,1266.8,61487,2071
15-10-2018,1260,1260,1242.9,1246.55,37994,1215
12-10-2018,1235,1265.95,1235,1261.5,61571,2301
11-10-2018,1208,1220.25,1194.2,1216.05,65177,2789
10-10-2018,1215,1240.5,1181.2,1225.95,68369,3843
09-10-2018,1256,1261.5,1191.45,1202,103399,3754
08-10-2018,1216,1258.35,1200,1251.45,108238,4980
05-10-2018,1223.95,1240.75,1198,1207.9,54882,2239
04-10-2018,1239.5,1239.5,1216.1,1227.9,59877,2304
03-10-2018,1270,1270.25,1240.6,1251.65,73131,2672
01-10-2018,1300,1307.5,1269,1278.6,78914,2384
28-09-2018,1305,1315,1285,1294.05,77323,4796
27-09-2018,1286.5,1312.35,1275.6,1286.6,418464,9212
26-09-2018,1308,1308,1275.1,1280.55,219800,3460
25-09-2018,1271.9,1303.75,1259.55,1290.95,72895,2620
24-09-2018,1305,1314.95,1245.85,1265.85,94790,3811
21-09-2018,1294,1324,1215,1303.1,139702,3715
19-09-2018,1309.8,1317,1286.1,1289.35,86254,2918
18-09-2018,1314.75,1380,1284.1,1291.15,336156,4117
17-09-2018,1331,1331,1301.05,1305.3,61515,2368
14-09-2018,1280.55,1332.65,1280.55,1331,66425,2233
12-09-2018,1297,1312.85,1280,1291.75,38324,1337
11-09-2018,1300,1312.75,1287.2,1295.85,43245,1751
10-09-2018,1310.4,1330,1280.15,1292.45,103813,4113
07-09-2018,1327,1337,1301,1317.35,40802,2700
06-09-2018,1330.2,1330.2,1308.5,1314.65,37461,1635
05-09-2018,1310.15,1330.4,1303.25,1317.3,66408,2854
04-09-2018,1366.8,1368.95,1304.4,1312.05,100617,3867
03-09-2018,1375,1387.45,1353,1359.45,65313,2634
31-08-2018,1376.5,1392.45,1365.8,1371.1,49395,1684
30-08-2018,1394,1398,1373.3,1375.95,66036,1579
29-08-2018,1409.3,1412.75,1388.35,1392,61309,1674
28-08-2018,1400.1,1419.75,1400.1,1407.4,59833,1895
27-08-2018,1397,1406,1396.5,1399.6,28368,1408
24-08-2018,1397,1410,1386,1392.5,74071,2189
23-08-2018,1405.5,1412.7,1391.1,1393.9,132990,2556
21-08-2018,1414.65,1424.75,1397,1402.15,115149,2695
20-08-2018,1408.95,1431.35,1399.65,1408.9,100596,2402
17-08-2018,1408,1408,1387.55,1399.8,59525,1518
16-08-2018,1403.9,1410,1387.2,1392.35,94680,2334
14-08-2018,1412,1415.8,1391.1,1395.55,52234,1207
13-08-2018,1424,1424,1394.75,1398.4,184172,2387
10-08-2018,1416,1438.5,1409.35,1418.1,69053,1997
09-08-2018,1426,1433.45,1412.65,1415.3,45181,1201
08-08-2018,1425,1447,1418,1425.2,81484,2416
07-08-2018,1409.75,1437.8,1400,1419.6,223914,3746
06-08-2018,1412,1421,1393.2,1396.8,51335,1289
03-08-2018,1436,1436,1406,1411.35,85300,2150
02-08-2018,1431,1443,1412,1418.45,32852,1362
01-08-2018,1460,1461.05,1432.55,1437.75,59085,1932
31-07-2018,1435.4,1454.4,1428,1448.3,98983,3112
30-07-2018,1449,1450.9,1427.75,1430.8,42461,1611
27-07-2018,1449,1452.3,1427.3,1433.25,81574,2317
26-07-2018,1451.85,1457.45,1422.35,1432.5,125742,6732
25-07-2018,1454,1488.6,1423.45,1450.3,235220,8758
24-07-2018,1440,1475,1428,1466.7,190846,7602
23-07-2018,1421.55,1465.1,1396.1,1433.7,144424,5509
20-07-2018,1400,1404.95,1382.2,1396.9,51548,2317
19-07-2018,1398,1408,1394.65,1399.45,50543,1748
18-07-2018,1385.6,1399.45,1379.75,1391.4,48107,2793
17-07-2018,1361.3,1383.1,1354.6,1377.9,37623,2105
16-07-2018,1370,1393.5,1351.55,1358.6,271048,3013
13-07-2018,1358,1374.95,1358,1368.5,219841,1164
12-07-2018,1370,1379.15,1347,1357.25,48760,1560
11-07-2018,1367,1383.7,1355.05,1358.3,37698,2051
10-07-2018,1362,1375.85,1356.5,1369.45,59194,2323
09-07-2018,1334,1370.65,1326.05,1364,113915,5448
06-07-2018,1327.5,1335.6,1309.75,1322.8,49753,1793
05-07-2018,1306.3,1326,1279.35,1321.85,61496,2066
04-07-2018,1298,1299.7,1283.25,1291.55,37055,1150
03-07-2018,1294,1309.2,1288.35,1291.9,70375,2566
02-07-2018,1265.05,1298.5,1261.8,1293.5,55582,2312
29-06-2018,1264.85,1270.95,1252.05,1264.1,30034,3360
28-06-2018,1270,1272.5,1250.8,1267.45,21279,799
27-06-2018,1278,1284.5,1262.2,1265.25,20158,773
26-06-2018,1259,1280,1254.05,1273.7,40037,2148
25-06-2018,1273,1279.8,1250.25,1254.05,24896,975
22-06-2018,1263.75,1273.75,1243.05,1268.2,35164,870
21-06-2018,1272.05,1278.45,1248.65,1254.4,29928,999
20-06-2018,1270,1275.5,1260,1272.1,17896,710
19-06-2018,1277,1286.8,1266,1268.65,29580,757
18-06-2018,1290,1290.75,1271.95,1276.7,30537,1400
15-06-2018,1298,1298,1269,1281.05,25313,846
14-06-2018,1280.1,1288.65,1275,1285.85,23220,1436
13-06-2018,1294.85,1294.85,1280.05,1282.4,14525,616
12-06-2018,1281,1292,1275.3,1284.45,23031,789
11-06-2018,1280,1296,1277.25,1284.9,24039,1020
08-06-2018,1278.6,1287,1270.85,1277.4,16952,693
07-06-2018,1265,1294.55,1263.05,1287.7,49077,1417
06-06-2018,1272.9,1272.9,1246.7,1263.75,71272,1106
05-06-2018,1281,1291.95,1270.1,1273.05,21756,890
04-06-2018,1295,1295,1266.1,1281.8,347098,1086
01-06-2018,1305.6,1313.1,1291.25,1293.5,14597,534
31-05-2018,1311.9,1311.9,1287,1305.6,30267,1013
30-05-2018,1295,1300.45,1284.65,1291.9,23776,797
29-05-2018,1325,1329.4,1290.25,1299.15,38649,1175
28-05-2018,1299,1335.1,1290,1319.5,50822,1951
25-05-2018,1295,1309.5,1281.4,1289.65,40483,1422
24-05-2018,1280,1302.95,1264.3,1290.2,30675,1194
23-05-2018,1287.9,1289.4,1271.2,1278.2,27335,929
22-05-2018,1301.85,1301.85,1278.25,1286.1,373891,1104
21-05-2018,1307,1314,1291.25,1300,23098,864
18-05-2018,1309,1316,1286.5,1306.95,39492,1484
17-05-2018,1323,1328,1305,1309.7,25348,991
16-05-2018,1303,1328.9,1285.55,1320.8,354559,1936
15-05-2018,1296,1322.55,1234,1310.05,232858,1808
14-05-2018,1280,1306.7,1270,1298.45,120706,1937
11-05-2018,1235,1294.4,1227.2,1289.6,306088,13114
10-05-2018,1234,1238.7,1201.55,1214.7,110452,2966
09-05-2018,1200,1229.05,1198,1224.1,165712,2594
08-05-2018,1216,1223.8,1204.05,1205.6,36632,1071
07-05-2018,1194.25,1216.9,1180.55,1212.9,29727,1149
04-05-2018,1206,1206,1180.55,1194.25,33809,1256
03-05-2018,1221.75,1230,1200,1206.5,40472,1257
02-05-2018,1200,1226.65,1197.5,1221.75,306683,3656
30-04-2018,1185,1206.15,1182.75,1200.15,32507,1177
27-04-2018,1163,1198.85,1163,1184.45,62621,1880
26-04-2018,1163.8,1176,1152.8,1159.85,31212,1172
25-04-2018,1160.05,1172.55,1156.8,1165.25,16257,599
24-04-2018,1176,1181.95,1163.5,1173.1,17987,720
23-04-2018,1150.05,1180.9,1150,1178.6,27081,1065
20-04-2018,1167,1167,1144.25,1159.1,30652,1086
19-04-2018,1180,1185.75,1164.75,1166.8,22411,855
18-04-2018,1176,1188,1167.05,1171.25,22273,1244
17-04-2018,1183.9,1186.65,1169.15,1175.15,25917,823
16-04-2018,1160,1186.95,1155,1177.9,36608,1397
13-04-2018,1169.9,1175,1151.5,1162.8,24806,998
12-04-2018,1165,1167.65,1146.05,1164.15,41697,1013
11-04-2018,1156,1159.5,1142,1155.5,16960,679
10-04-2018,1158.5,1166.5,1152,1155.3,21306,903
09-04-2018,1150,1175,1140.85,1158.05,61230,1851
06-04-2018,1145.2,1151.6,1135.3,1143.8,15290,639
05-04-2018,1153.05,1156.45,1136.25,1145.2,38352,1660
04-04-2018,1159.95,1160,1127.4,1137.6,45389,1546
03-04-2018,1150,1157.6,1138.6,1152.9,30821,903
02-04-2018,1125,1152,1112.6,1149.15,33013,1070
28-03-2018,1121.05,1129.7,1115.5,1120.7,40374,1147
27-03-2018,1118,1139,1116,1131.75,50601,1351
26-03-2018,1110,1122.75,1100,1118.8,97513,1511
23-03-2018,1082,1119,1082,1107.65,56367,1487
22-03-2018,1102.1,1110,1101.7,1107.35,80420,1081
21-03-2018,1100,1116.15,1100,1103.85,73643,1131
20-03-2018,1103,1116.8,1094.95,1106.55,21514,603
19-03-2018,1125.5,1130,1100.5,1102.5,49262,1254
16-03-2018,1160,1160,1121.5,1125.45,90623,2401
15-03-2018,1135,1163.65,1133.9,1160.95,43770,1730
14-03-2018,1140,1144.55,1131.35,1136.6,408337,1037
13-03-2018,1130.95,1141.9,1107,1137.8,67745,1099
12-03-2018,1134.15,1134.15,1120.35,1130.95,49867,960
09-03-2018,1129.5,1138,1121.1,1127.75,94744,1722
08-03-2018,1113.35,1129.5,1108.35,1125.6,152864,1427
07-03-2018,1102.55,1110,1095.9,1107.95,124276,1615
06-03-2018,1108.85,1108.85,1088,1102.75,88283,1257
05-03-2018,1118.55,1118.55,1100.55,1104.3,29928,743
01-03-2018,1120.25,1124.1,1108.45,1119.6,103641,1248
28-02-2018,1110.4,1122.95,1100.05,1118.85,50349,958
27-02-2018,1103.05,1112.95,1100.55,1110.2,35425,872
26-02-2018,1102.1,1115,1096.1,1106.25,77743,1343
23-02-2018,1119.9,1119.9,1100.95,1101.9,610022,2371
22-02-2018,1125.65,1125.65,1102.55,1116.35,77998,2224
21-02-2018,1129,1130.4,1115.05,1125.55,23849,1137
20-02-2018,1122,1134.55,1113.65,1126.7,81513,1060
19-02-2018,1145,1145,1107,1122.45,80809,1789
16-02-2018,1136.7,1146.15,1132,1143.7,66356,1548
15-02-2018,1155,1155,1124,1136.7,40785,1066
12-02-2018,1134.8,1149.5,1112.35,1145.45,177769,1696
09-02-2018,1110,1141.85,1105,1131.55,59800,1151
08-02-2018,1125.3,1129.4,1110.45,1124,85477,1696
07-02-2018,1115,1130,1108.2,1121,38942,790
06-02-2018,1113.55,1116.2,1090.55,1110.85,52356,1836
05-02-2018,1125,1135.85,1114,1134.35,70174,1457
02-02-2018,1146,1146.8,1123,1138.3,95524,1787
01-02-2018,1149.5,1155.1,1133.3,1152.45,240881,1553
31-01-2018,1130,1139.7,1125.15,1131.05,181667,1490
30-01-2018,1150,1150,1124,1128.9,664489,2334
29-01-2018,1151,1165,1145.05,1154.5,383037,2862
25-01-2018,1152,1160,1143.55,1149.75,295968,1288
24-01-2018,1170,1170,1144.5,1150.95,686397,2372
23-01-2018,1177,1178,1157.45,1167.7,135127,3929
22-01-2018,1195,1195,1165,1176.7,67306,1936
19-01-2018,1192,1197,1178.3,1193.4,49403,1193
18-01-2018,1195,1204,1181.4,1189.75,24520,732
17-01-2018,1189.55,1198.95,1150.75,1194.15,23524,961
16-01-2018,1201.25,1201.25,1184.75,1190.35,45135,832
15-01-2018,1192,1206.3,1188,1201.7,52609,1402
12-01-2018,1195,1195,1177.4,1189.65,30535,831
11-01-2018,1178,1190,1171.25,1188.85,31143,813
10-01-2018,1191.9,1191.9,1171.5,1177.4,246003,2360
09-01-2018,1180,1195.95,1174.3,1191.9,55541,977
08-01-2018,1184,1192,1173.75,1183.1,27707,768
05-01-2018,1172,1191,1168.55,1183.75,58612,1550
04-01-2018,1149.5,1178.7,1148.2,1172.05,75615,1630
03-01-2018,1150,1150,1136,1141.1,636697,4974
02-01-2018,1145,1149.4,1134.95,1142.85,22009,667
01-01-2018,1160,1165.55,1140,1146.5,21776,873
