DATE,OPEN,HIGH,LOW,CLOSE,NO. OF SHARES,NO. OF TRADES
22-11-2021,19400,19500,18850,19005.7,1085,641
18-11-2021,19158,19470.7,19158,19400.2,767,500
17-11-2021,19403.55,19560,19371.2,19462.25,1126,723
16-11-2021,19352.05,19588.75,19331.7,19463.15,998,506
15-11-2021,19210.8,19498.9,19089.05,19425.35,3297,1077
12/11/2021,18817.35,19250,18817.35,19134.6,2551,1325
11/11/2021,18949,18949,18674.05,18880.65,1698,962
10/11/2021,18940.05,19030.75,18803.4,18954.4,808,475
9/11/2021,19070,19070,18800.05,18914.55,1811,1024
8/11/2021,18970,19085.55,18678.05,19050.3,2052,1249
4/11/2021,18914.5,18947.55,18850,18895.95,381,261
3/11/2021,18890,18890,18569,18727.25,1557,760
2/11/2021,18870,19025.8,18708.55,18773.8,1953,1008
1/11/2021,19100,19100,18741.55,18957.25,1325,852
29-10-2021,19089.95,19107.05,18762.8,19002,2057,1352
28-10-2021,19076.9,19100,18861.45,18997.35,767,517
27-10-2021,19218,19415,18911.45,19004.15,1628,840
26-10-2021,18799,19273.8,18637.7,19214.1,2139,1138
25-10-2021,18950,19009.95,18611,18692,3363,1771
22-10-2021,19445,19445,18850,19009.95,2928,1568
21-10-2021,19549,19549,19060.15,19247.15,1369,834
20-10-2021,19499,20200,19054.45,19273.7,42939,5278
19-10-2021,19544.7,19733.5,19285.4,19377.5,2424,1269
18-10-2021,19501.05,19599.95,19211,19427.25,2166,946
14-10-2021,19500,19500,19227.3,19320.15,1134,665
13-10-2021,19480,19480,19220.65,19318.8,8066,1008
12/10/2021,19099,19440.4,18990.5,19414.65,11039,1570
11/10/2021,18999,19197.85,18999,19072.85,34097,1220
8/10/2021,18998,19160.7,18945,18996.05,2721,1433
7/10/2021,19201,19298.5,18998,19049.6,2046,1192
6/10/2021,19399.85,19619.8,19080.15,19171.95,2508,1227
5/10/2021,19661.65,19661.65,19350,19399.85,755,442
4/10/2021,19549.9,19645.1,19398.8,19494.55,1782,899
1/10/2021,19475,19640.45,19244.85,19553.5,1601,892
30-09-2021,19618.9,19618.9,19320.35,19450.75,836,513
29-09-2021,19480,19704.35,19424.15,19472.4,4908,1270
28-09-2021,19697,19714.2,19480,19555,2073,1114
27-09-2021,19850,19899.5,19620,19656.7,3141,1591
24-09-2021,19855,19979.85,19790.8,19892,2694,915
23-09-2021,20128.9,20128.9,19815,19841.7,33471,871
22-09-2021,20153,20153,19850.35,19929.8,5499,1500
21-09-2021,20350,20350,20025,20152,888,512
20-09-2021,20199,20389.9,20110.05,20312.05,2192,1220
17-09-2021,20240,20287.35,20097.8,20179.45,2696,1142
16-09-2021,20259.35,20259.35,19975.85,20043.85,1697,829
15-09-2021,20400,20400,20090,20118.2,1239,793
14-09-2021,20452,20599.95,20178.85,20232.2,1347,629
13-09-2021,20400,20500.25,20243.8,20434.6,1203,496
9/9/2021,19940,20527.1,19850,20439.45,8650,2927
8/9/2021,20370,20517.9,19783.6,19876.65,4485,2205
7/9/2021,20250,20397.3,20217.7,20373.25,1531,740
6/9/2021,20265,20346.85,20169.55,20209.45,1250,595
3/9/2021,20255,20333.3,20102.55,20260.15,1811,1055
2/9/2021,19801.05,20284.75,19774.4,20242.3,3305,1581
1/9/2021,19797.95,19883.45,19581,19832.6,2275,913
31-08-2021,19800,19831,19352.2,19458.1,4899,2254
30-08-2021,20000,20092.4,19701,19763.6,1880,982
27-08-2021,20149.95,20149.95,19915.35,19953.95,832,404
26-08-2021,19999,20112.85,19816.15,20046.8,1740,753
25-08-2021,19810,20333.8,19810,19907.4,4279,1850
24-08-2021,20080,20144.1,19666.5,19785.2,3061,1295
23-08-2021,19700,20083.75,19556,20016.5,4153,2187
20-08-2021,18690,19632.25,18598.75,19552.8,4132,1791
18-08-2021,18730,18958.15,18730,18910,1298,548
17-08-2021,18300,18790,18300,18729.95,3796,1715
16-08-2021,18250,18488,18216.35,18297,1161,594
13-08-2021,18136.55,18280.65,18136.55,18268.3,1408,719
12/8/2021,18138.5,18235.2,18072.8,18136.55,923,433
11/8/2021,18250,18277,18025,18164.15,1190,685
10/8/2021,18311,18360,18088.7,18277.9,1016,496
9/8/2021,18150,18228,18021.9,18196.85,1477,836
6/8/2021,18280,18280,17988,18095.05,2551,739
5/8/2021,18180,18280.1,18000,18214.25,1366,647
4/8/2021,18320,18336.1,18010,18050.8,1965,1011
3/8/2021,17735,18409,17666.45,18287.8,2854,972
2/8/2021,17703.05,17900,17675.05,17709.05,1649,844
30-07-2021,17914,17932.7,17664.9,17702.75,1799,798
29-07-2021,17967,18155.9,17796.25,17909.9,2547,1352
28-07-2021,18338,18338,17900,18012.6,4804,1687
27-07-2021,18000.2,18446.55,17979.25,18238.45,2511,1237
26-07-2021,18000,18173.95,18000,18077.55,1257,646
23-07-2021,17999,18218,17890.9,18122.85,3224,1616
22-07-2021,17895,18026.4,17723.65,17995.2,2935,1094
20-07-2021,17799,17898.45,17710.1,17829.4,1428,641
19-07-2021,17575,17848.6,17575,17749.2,17252,881
16-07-2021,17698,17714.7,17549.65,17650.1,623,216
15-07-2021,17550,17650,17447.7,17618.8,1291,420
14-07-2021,17720,17720,17508.95,17535.55,884,440
13-07-2021,17650,17726.6,17625.2,17673.8,1549,693
12/7/2021,17631,17725,17574,17645.35,16969,989
9/7/2021,17620,17669,17557.75,17640.75,1630,688
8/7/2021,17600,17683.5,17545,17618.8,635,313
7/7/2021,17521.8,17776,17361.95,17714.8,3568,1691
6/7/2021,17601,17606.05,17425,17489.65,1643,685
5/7/2021,17684.95,17706,17531.3,17634.55,1282,704
2/7/2021,17641.6,17641.6,17497,17602.75,798,354
1/7/2021,17765,17765,17574.9,17641.6,1194,607
30-06-2021,17650,17746.15,17575.55,17676.75,1441,520
29-06-2021,17570,17719.95,17501.9,17578.7,3017,1148
28-06-2021,17505,17610.65,17468.55,17508.1,654,319
25-06-2021,17600,17651.3,17440,17501.5,1036,396
24-06-2021,17450,17670.35,17334.35,17596.4,2735,736
23-06-2021,17500,17553,17367.15,17406.05,16777,1027
22-06-2021,17798.95,17798.95,17415,17451.2,2315,970
21-06-2021,17650,17692.9,17513.1,17642.5,3170,1031
18-06-2021,18047.9,18075.8,17600,17678.3,3298,1198
17-06-2021,17972.45,18175,17896.4,18053.5,5327,2252
16-06-2021,17700,18051.95,17599.95,17972.45,4830,1731
15-06-2021,17698,17710,17518.2,17679.5,15162,460
14-06-2021,17495,17626,17410.65,17575.15,2727,1225
11/6/2021,17600,17600.05,17369.1,17543.05,1613,667
10/6/2021,17562,17670,17485.55,17547.1,2369,1195
9/6/2021,17489,17612,17436.05,17562.25,2309,1154
8/6/2021,17535,17616.45,17414.6,17487.65,1347,611
7/6/2021,17450.05,17588.05,17350.15,17532.2,3648,1790
4/6/2021,17640,17683.75,17387.2,17445.15,9003,1699
3/6/2021,17670,17850,17557.45,17795.7,1304,733
2/6/2021,17633.65,17808,17520,17645.85,3155,1547
1/6/2021,17600,17800,17500,17765.5,1969,841
31-05-2021,17510,17740.95,17421,17692.7,1861,842
28-05-2021,17620,17829.2,17475.95,17507.6,2812,1441
27-05-2021,17530,17894,17431.2,17772.55,1471,694
26-05-2021,17525,17590.45,17370.05,17526.8,2091,979
25-05-2021,17510,17750,17450,17529,4951,2275
24-05-2021,17450,17577.6,17310.25,17375.75,2585,975
21-05-2021,17350,17550,17279.25,17491.95,1872,914
20-05-2021,17480,17500,17217.75,17277.1,2147,810
19-05-2021,17200,17467.75,17200,17444.25,2757,955
18-05-2021,17035,17248.6,17035,17173.85,1630,646
17-05-2021,17250,17281.1,17004.05,17037,1725,685
14-05-2021,16750,17250,16714,17217.55,3356,1119
12/5/2021,16939.95,16939.95,16621,16713.75,2318,1013
11/5/2021,16760,16945.55,16707,16870.95,1340,565
10/5/2021,16767,16844.4,16673.6,16763.6,1989,676
7/5/2021,16780,16795,16660.1,16753.55,2470,1036
6/5/2021,16588,16767,16561.2,16727,3968,1352
5/5/2021,16585,16602,16457.8,16550.2,792,359
4/5/2021,16564.8,16627.5,16391.5,16538.1,2003,543
3/5/2021,16352,16570,16267.05,16500.7,3965,1408
30-04-2021,16510,16567.75,16271.45,16311.1,4122,1840
29-04-2021,16697,16709.95,16490,16506.95,2328,976
28-04-2021,16849,16849,16601.35,16622,23031,1484
27-04-2021,16870,16910.05,16755.15,16783.2,1609,435
26-04-2021,16800.05,16887.9,16700,16866.45,1948,549
23-04-2021,16850,16850,16580,16624.45,3178,869
22-04-2021,17199,17199,16552.6,16778.65,11575,2556
20-04-2021,17302.2,17371.5,16885.5,17086.25,3872,1576
19-04-2021,17239.5,17239.5,16952.1,17090.35,1282,538
16-04-2021,17000,17328,16870.2,17238.1,1743,643
15-04-2021,17490,17490,16775,16871.9,2712,1053
13-04-2021,17450.05,17597.2,17040.2,17162.15,1729,704
12/4/2021,17401.3,17620.7,17341.6,17495.7,2886,797
9/4/2021,17554.7,17848,17518.3,17580.6,2037,777
8/4/2021,17421,17750,17322.45,17667.9,21342,2272
7/4/2021,17080,17863.85,17050,17420.65,5029,1650
6/4/2021,16935.5,17111,16820,17078.3,2895,1176
5/4/2021,17125,17149.6,16721.8,16909.2,8833,2384
1/4/2021,17105,17143.05,16968.9,17102.15,3554,1144
31-03-2021,17135,17261.45,16952.8,17170.25,5052,1412
30-03-2021,16570,17218,16570,17114.05,5227,1789
26-03-2021,16398,16600.05,16250.5,16568.3,4096,1393
25-03-2021,16493,16583,16116,16173.85,4206,1515
24-03-2021,16600,16762.45,16409,16452.6,4073,1225
23-03-2021,16599,16747.7,16498.9,16693.6,8275,2124
22-03-2021,16415,16672.65,16350.05,16594.25,2728,888
19-03-2021,16202,16590.1,16075.15,16444.35,6378,2122
18-03-2021,16458,16625,16172.75,16202.7,4961,2102
17-03-2021,16749,16749.35,16350,16458.1,7288,2195
16-03-2021,16850.05,17031,16690,16749.25,3315,1339
15-03-2021,16767,16860,16596,16831.25,4273,1582
12/3/2021,16850,16990,16649.4,16766.2,7614,1760
10/3/2021,16913.35,16999.35,16785.45,16936.7,5417,1608
9/3/2021,16900,16930,16660,16899.35,1759,668
8/3/2021,16780,16888,16631,16851.35,5726,1131
5/3/2021,16405.15,16836.7,16405.15,16774.45,3226,1148
4/3/2021,16790,16790,16450,16649.4,11982,945
3/3/2021,16780,16780,16553.3,16694.85,2047,731
2/3/2021,16399,16631.55,16290.3,16571.95,3793,1347
1/3/2021,16274.95,16360,16090.7,16288.2,4590,1337
26-02-2021,16075,16287.2,16010,16097.7,13733,4290
25-02-2021,16394.7,16394.7,16102,16114.35,18735,3054
24-02-2021,16249,16800,15900,16351.75,18013,3824
23-02-2021,16123,16250,16003,16165.25,6261,1860
22-02-2021,16400,16531.05,16024.6,16099.2,9051,3526
19-02-2021,16395,16477.6,16214.45,16386.1,5777,2431
18-02-2021,17050,17050,16307,16374.15,13711,3533
17-02-2021,16900,16900,16360,16739.9,28701,9264
16-02-2021,17600,17634.6,17141.25,17222.45,7901,2887
15-02-2021,17290,17500,17280,17484.5,1927,693
12/2/2021,17449.85,17500,17241,17286.1,3486,1273
11/2/2021,17167.7,17442,17165.55,17416.65,2025,671
10/2/2021,17396.9,17439.3,17083.8,17167.7,3341,1563
9/2/2021,17340,17510.7,17164.05,17325.8,2714,946
8/2/2021,17199.95,17280,17107.35,17213.55,7122,1725
5/2/2021,17244,17244,17019.95,17123.3,2503,947
4/2/2021,17250,17250,17054.8,17073.2,13193,907
3/2/2021,17247.45,17284,17064.35,17155.4,2270,930
2/2/2021,17211,17328.1,16800,17189.35,3852,1545
1/2/2021,17162.1,17277,16996.45,17096.95,3169,1436
29-01-2021,17500,17500,16961.2,17068.7,2118,893
28-01-2021,17401,17519.95,17205.75,17375.4,12790,1611
27-01-2021,17560,17590,17344.7,17547.65,2114,1217
25-01-2021,17799,17799,17236.75,17443.6,3715,1294
22-01-2021,17999,17999,17300,17580.15,2606,899
21-01-2021,17769,17899.85,17660,17714.5,2197,885
20-01-2021,17815,17938.35,17630.45,17677.75,3080,1327
19-01-2021,17650.05,17802.3,17650.05,17755.55,1645,705
18-01-2021,17801,18075,17567.05,17629.15,6798,2623
15-01-2021,18149,18238.1,17800,17872.25,3233,1400
14-01-2021,18000,18200.65,18000,18128.95,13694,1230
13-01-2021,18005,18268.4,17961.55,18022.75,5524,2221
12/1/2021,18387,18395,17957.8,18003.8,4281,2308
11/1/2021,18418,18538.25,18189,18392.9,2513,792
8/1/2021,18242,18339.95,18002,18295.45,3199,1749
7/1/2021,18611.95,18621.05,18073,18139.75,3028,1266
6/1/2021,18500,18606,18437.8,18510.6,2734,1293
5/1/2021,18356,18615.95,18284.15,18571.6,4363,1691
4/1/2021,18450,18572.4,18324.5,18388.25,2966,1308
1/1/2021,18380,18509.9,18304.15,18451.05,4973,1302
31-12-2020,18050,18450,18050,18392.35,2862,1212
30-12-2020,18457,18460,18240,18398.55,4588,1718
29-12-2020,18666,18669.9,18171.9,18268.5,5093,1905
28-12-2020,18650,18785.95,18523.45,18598.25,3300,1404
24-12-2020,18721,18821.45,18383.8,18577.95,2584,1202
23-12-2020,18505,18817.7,18505,18723.35,3751,1207
22-12-2020,18200,18667.2,18000.5,18586.1,4464,1385
21-12-2020,18363,18524.9,18078,18172.55,4572,1662
18-12-2020,18394,18600,18190,18347.25,3971,1627
17-12-2020,18325,18395.8,18156,18298.15,2620,1031
16-12-2020,18480,18725,18255.15,18321.6,9613,3179
15-12-2020,18500,18552.4,18135.35,18191.75,3241,1319
14-12-2020,18420,18679.2,18303.75,18585.4,8640,2660
11/12/2020,18320,18457.85,18204.25,18403,5095,2058
10/12/2020,17567,18411.4,17567,18363.5,10669,3584
9/12/2020,17510,17661,17491.9,17561.5,1038,525
8/12/2020,17800,17800,17388.3,17517.3,2247,1107
7/12/2020,17730,17899,17455.3,17560.15,3537,1521
4/12/2020,17487,17873.1,17487,17825.9,6800,3595
3/12/2020,17524,17524,17329.5,17498.35,11620,922
2/12/2020,17538.8,17538.8,17150.05,17265.85,4011,1845
1/12/2020,18188,18188,17350,17417.15,4030,1935
27-11-2020,17835,18040,16949.95,17657.6,15247,4181
26-11-2020,17490,17834.95,17280.3,17752.65,4558,2076
25-11-2020,17754,17798.95,17325,17526.1,12566,2505
24-11-2020,17790.25,17950,17615.95,17679.9,6641,2732
23-11-2020,17549.95,17840,17472,17791.35,7314,3366
20-11-2020,17006.55,17500,16933.9,17470,9328,3522
19-11-2020,16865,17199,16801,16933.5,3906,1607
18-11-2020,16949.95,16957.05,16678.05,16865.75,2725,1632
17-11-2020,16900.1,17061,16846.75,16983.2,5504,2592
14-11-2020,16835,16869.9,16750.15,16842.1,1054,466
13-11-2020,16789,16886.95,16641.1,16825.95,14586,1877
12/11/2020,16750,16975.65,16538.85,16729.7,5593,2442
11/11/2020,16750,16807.9,16458.7,16699.45,6821,3164
10/11/2020,17177,17330.05,16580.9,16607.9,8721,3369
9/11/2020,17270,17370,16868.45,17315.2,6841,2889
6/11/2020,17280,17280,16907.8,17008.75,2124,1228
5/11/2020,17000,17400,17000,17218.6,4301,1735
4/11/2020,17100,17200,16852,16995.6,2179,1083
3/11/2020,17200,17277.25,16558.45,16794.6,5607,1654
2/11/2020,17122,17359.45,16934,17110.2,2808,1461
30-10-2020,16925,17350,16920,17162.8,4774,2105
29-10-2020,16620,17210.25,16620,16861.45,5655,2896
28-10-2020,17199.95,17295.4,16937.9,17119.95,17513,3327
27-10-2020,16490,17299,16406.65,17233.25,16615,6973
26-10-2020,16139.6,16375,16053.85,16256.2,10044,3424
23-10-2020,15912,16066.15,15815.35,15863,3205,1461
22-10-2020,16000,16074.1,15773.15,15911.25,4059,1633
21-10-2020,16230,16300,15955.5,16015.7,5070,2568
20-10-2020,16000,16421.6,15880,16252.65,7878,2834
19-10-2020,15588,16160,15435,16089.65,5288,3234
16-10-2020,15699,15807.5,15389.9,15434.2,2391,1298
15-10-2020,15820,15820,15563.65,15592.8,12132,795
14-10-2020,15673,15819.3,15551.65,15669.4,1389,759
13-10-2020,15900,15983.35,15655.15,15671.55,1856,903
12/10/2020,16145,16145,15861.75,15900.6,1953,1069
9/10/2020,16380,16380,15998.05,16045,3016,1483
8/10/2020,16133,16320.2,16072.75,16300.9,1941,869
7/10/2020,15900,16132.5,15876.85,16111.8,2633,1082
6/10/2020,16100,16130,15840,15874.95,2528,1283
5/10/2020,16100,16141.45,15824.95,16039.6,1414,720
1/10/2020,16000,16043.25,15796.35,15998.45,3079,1456
30-09-2020,15690,16022.8,15620,15924.7,14579,2302
29-09-2020,15800,15845,15577.85,15625.4,2820,1455
28-09-2020,16619,16619,15625,15721.35,1398,801
25-09-2020,15300,15828.05,15300,15734.25,12567,2246
24-09-2020,15362.95,15454.65,15180.85,15257.85,2215,1188
23-09-2020,15275,15400,15130,15362.95,5400,2387
22-09-2020,15495,15514.8,15104.25,15203.25,4122,1520
21-09-2020,16100,16100,15156.4,15418.9,10864,5420
18-09-2020,16149.3,16248,15925,16098.9,3117,1710
17-09-2020,16240,16299,16098.55,16121.85,1631,733
16-09-2020,16065.9,16221.2,16065.9,16196.3,3467,1155
15-09-2020,16199.95,16199.95,16000,16038.4,1964,967
14-09-2020,16335,16344.55,16000,16066.35,3341,1337
11/9/2020,16370,16370.15,16195,16324,1706,748
10/9/2020,16313,16440,16234.95,16412.8,3495,1781
9/9/2020,16002,16340,16002,16313.2,5013,2573
8/9/2020,16300,16353.8,16100,16135.45,2331,1105
7/9/2020,16231,16510,15970.5,16402.5,2778,1291
4/9/2020,16279.55,16417,16144.7,16231.45,2367,1065
3/9/2020,16002,16430.5,15923.25,16387.8,8371,4349
2/9/2020,16234,16251.25,15974.05,15994.25,2622,1145
1/9/2020,15951.05,16254.2,15747,16191.1,2620,1412
31-08-2020,16157,16272,15880,15946.1,7892,4208
28-08-2020,16350,16365.7,16090,16104.45,3846,1553
27-08-2020,16190,16320,16095,16111.35,2580,1398
26-08-2020,16285,16348.95,16171,16189.05,6762,3436
25-08-2020,16482.05,16482.05,16266.75,16290.5,4445,2300
24-08-2020,16560,16699,16409.05,16535.5,2098,949
21-08-2020,16235.8,16683.7,16235.8,16556.65,9297,4668
20-08-2020,16348.5,16348.5,16191.1,16217.85,4726,2218
19-08-2020,16675,16675,16321,16348.5,3039,1485
18-08-2020,16430,16617.7,16320.2,16549.45,4345,1992
17-08-2020,16356,16521,16316.1,16427.35,2197,1087
14-08-2020,16478.1,16540,16315,16355.85,3416,1668
13-08-2020,16538.7,16650,16462,16478.1,1706,862
12/8/2020,16620,16620,16455,16538.7,2508,1239
11/8/2020,16667.05,16779.8,16584.15,16620.65,2136,1148
10/8/2020,16900,16900,16643.25,16667.05,1621,810
7/8/2020,16757,16893.2,16554.6,16761.45,2506,1050
6/8/2020,16501.1,16700,16474.75,16671.25,2083,901
5/8/2020,16545,16625,16460,16496.1,8581,1398
4/8/2020,16575.2,16640,16411.25,16582.65,1929,876
3/8/2020,16530,16604.05,16346.65,16517.5,4432,1854
31-07-2020,16450.5,16666.1,16433.3,16526.45,9384,2084
30-07-2020,16799,16799,16445.6,16531.6,5200,2297
29-07-2020,17099,17188.95,16511.1,16581.9,15019,6639
28-07-2020,17375.6,17447.35,17025,17098.95,5573,2274
27-07-2020,17269,17400,17220.95,17343.9,2715,1183
24-07-2020,17257,17400,16975,17231.4,4877,2198
23-07-2020,17082,17290.75,17053.55,17260.1,3546,1366
22-07-2020,17420,17431.05,17000.8,17146.45,7526,2707
21-07-2020,17477,17500,17230,17284.05,4608,1806
20-07-2020,17400,17400,17072.25,17242.2,5335,2365
17-07-2020,17470,17620.15,17179.45,17233.35,9263,3178
16-07-2020,16907,17733.9,16766,17464.2,9556,2793
15-07-2020,16999.95,17020,16750,16904.95,3691,1581
14-07-2020,16995.95,17105.85,16850,16896.65,4179,1967
13-07-2020,16830,17090,16830,16967.5,7245,3089
10/7/2020,16755.6,16871.55,16636.6,16837.8,1518,810
9/7/2020,16879.15,16960.7,16700,16758.65,3261,1444
8/7/2020,17000,17148.75,16736.75,16798.9,3804,1900
7/7/2020,16800.8,16949.65,16723.6,16891.45,2525,1032
6/7/2020,16689,16840.85,16689,16800.8,2379,1057
3/7/2020,16925,16979,16650.65,16690.3,8018,1846
2/7/2020,16945,16945,16670.3,16782.05,3013,1192
1/7/2020,17160,17179,16721.6,16795,5888,2558
30-06-2020,16810,17297.7,16800,17178,5081,2053
29-06-2020,16696,16975,16575.5,16720.7,7104,1312
26-06-2020,16820,16921.65,16641.35,16671.65,9729,2299
25-06-2020,16675,16848.7,16600,16777.9,13104,1138
24-06-2020,16674,16850,16537.45,16706.95,4029,1982
23-06-2020,16248,16720.35,16215.05,16545.15,8053,2689
22-06-2020,16201.35,16256.6,16070.2,16128.35,7058,2577
19-06-2020,16182.1,16300,16060,16096.1,3188,1624
18-06-2020,16155.1,16291.55,16045.9,16183.75,6189,2188
17-06-2020,16340,16426.4,16120.1,16201.05,3520,1088
16-06-2020,16500,16599.35,16262.7,16339.55,2972,1632
15-06-2020,16555.45,16624.45,16375,16404.75,2072,1325
12/6/2020,16599.95,16710,16325,16486.4,11082,2980
11/6/2020,16589,16854.75,16550,16602.45,4888,1896
10/6/2020,16612,16820,16411.5,16563.05,5760,2273
9/6/2020,16700,16992.6,16530,16559.15,3976,1968
8/6/2020,17160,17202.3,16800,16828.2,4211,2211
5/6/2020,17344.35,17461.3,16970.05,17097.8,6860,2613
4/6/2020,17440,17543.85,17156,17195.55,4999,1666
3/6/2020,17230,17510,17163.85,17425.4,3421,1505
2/6/2020,17432,17432,16980,17020.9,4493,2158
1/6/2020,17595,17749.95,17100,17184.4,5159,2158
29-05-2020,16989,17599.9,16846.5,17533.85,4658,2124
28-05-2020,16716,17020,16688.25,16983.35,11888,3200
27-05-2020,16730.85,16810,16497.15,16735.4,8865,2276
26-05-2020,16220,16740,16220,16681.8,4058,1609
22-05-2020,16280,16380,16150,16219.45,3243,1186
21-05-2020,16392.85,16500,16266.45,16288.65,3006,1163
20-05-2020,16153.65,16592,16153.65,16300.2,4196,1755
19-05-2020,16251,16400,16120.9,16153.65,2761,1322
18-05-2020,16469.85,16469.85,16182,16240.2,2210,1239
15-05-2020,16555,16569.95,16200,16420.65,13768,2329
14-05-2020,16600,16850,16202.1,16248.35,13273,4403
13-05-2020,17900,17900,16406,16518.7,15933,7225
12/5/2020,17680,17880.2,17387.1,17457.25,3654,1653
11/5/2020,17770,17915.5,17500,17567.35,4362,1526
8/5/2020,17320,17820,17268,17798.1,3974,1549
7/5/2020,17310,17310,16902,17132.85,4543,1808
6/5/2020,17440.85,17600,17274.9,17310.4,1999,862
5/5/2020,17535,17610,17108.05,17420.15,3820,1543
4/5/2020,17699,17737.05,17380,17452.75,2560,1156
30-04-2020,17611,17999,17574.35,17906.1,3638,1210
29-04-2020,17699,17727.4,17417,17495.7,2177,1030
28-04-2020,17969.9,18000,17510,17567.1,3067,1347
27-04-2020,17401,18000,17401,17953.6,2448,1075
24-04-2020,17355.2,17800,17327.8,17377.6,2934,1330
23-04-2020,17697.95,17790,17320.5,17411.95,2810,1232
22-04-2020,17200,17682.3,16855.1,17638.85,3878,1757
21-04-2020,16889.95,17232.7,16714.9,16996.65,2313,1000
20-04-2020,17499,17499,16914.5,16971.15,3186,1409
17-04-2020,18301,18301,17231.25,17322.15,4499,2024
16-04-2020,17320.3,17999,17129.5,17884.85,4689,2297
15-04-2020,16659,17383.9,16659,17323.2,3319,1330
13-04-2020,17000,17000,16420.05,16614.25,2690,1145
9/4/2020,17326,17519,16595.7,16843.8,5835,2359
8/4/2020,16998,17520.55,16575.95,16848.2,4200,2139
7/4/2020,15500,17177.75,15480.35,17023.3,8813,3841
3/4/2020,15706,15861.9,14989.1,15150.8,6830,2928
1/4/2020,16380,16458.75,15504.85,15668.7,2549,1401
31-03-2020,15850,16420.6,15726.45,16302.4,3007,1504
30-03-2020,15110,15861.3,14755.65,15683.85,4156,2393
27-03-2020,15500,15509.75,14823.85,15090.95,5481,2469
26-03-2020,14890,15642.55,14059.5,15035.7,3829,1626
25-03-2020,13000,14500,13000,14431.7,4192,1929
24-03-2020,13210,14075,12850,13555.4,6306,2706
23-03-2020,13299.95,13750,12780,12934.9,8625,3007
20-03-2020,13430,14425.95,13206.2,14148.85,7765,3533
19-03-2020,13400,13464,12588.95,13108.65,8600,3950
18-03-2020,14540,14606.4,13390.65,13513.4,24933,3215
17-03-2020,14694,14849,14271.25,14541.5,6061,2354
16-03-2020,15000,15450,13500,14353.1,8487,3012
13-03-2020,15600,15682.7,14100,14975.8,9688,3587
12/3/2020,15822.25,15873.8,15044.35,15619.4,7632,2907
11/3/2020,16050,16220.3,15785.1,16056.15,2168,1052
9/3/2020,16301,16352.7,15717,16054.4,4522,1712
6/3/2020,16470,16548.95,16244,16426.9,2458,1048
5/3/2020,16567,16834,16484.5,16568.2,2476,898
4/3/2020,16360,16626.9,16026.85,16538.05,2789,895
3/3/2020,16190,16494.8,16158.7,16354.25,4981,1261
2/3/2020,15900,16316.15,15871.2,16119.75,5105,1462
28-02-2020,16100,16119,15680,15770.55,6051,2044
27-02-2020,16332,16340,16050,16261.55,10973,2647
26-02-2020,16435.1,16495.55,16155,16260.05,2668,992
25-02-2020,16341.2,16532.4,16312,16366.4,1273,547
24-02-2020,16500,16549,16305.45,16340.1,2796,922
20-02-2020,16774.85,16774.85,16515.3,16544.1,2556,930
19-02-2020,16506,16839.55,16489.2,16775.95,2958,1029
18-02-2020,16555,16565,16375,16400.8,2500,814
17-02-2020,16400,16631.7,16370.25,16574.8,9955,2423
14-02-2020,16520,16753.45,16246.5,16350.75,5972,1850
13-02-2020,16350,16455,16290,16417.8,5551,1892
12/2/2020,16097,16472.15,15975,16289.75,3465,1403
11/2/2020,16298,16318.45,15960,15995,1341,689
10/2/2020,16309,16342.95,16119.3,16168.2,1383,722
7/2/2020,16288,16382.6,16201.9,16305.95,132010,1307
6/2/2020,16385.1,16547.6,16166,16285.5,2355,907
5/2/2020,16499,16499,16257.2,16373.95,2937,1129
4/2/2020,16370,16500,16136.25,16453,2561,1131
3/2/2020,15452,16502.15,15452,16301.65,17589,2803
1/2/2020,15355,15635.8,15180,15425.8,1634,691
31-01-2020,15598.9,15599.75,15315,15360.85,1518,693
30-01-2020,15869.95,15869.95,15483,15502.5,1669,889
29-01-2020,15547,15900,15444,15869.8,1619,852
28-01-2020,15683.85,15695.8,15380.8,15413.55,1916,861
27-01-2020,15717.45,15854.9,15569.3,15670.8,1392,743
24-01-2020,15533,15855,15519,15750.4,1455,792
23-01-2020,15477,15620.55,15465,15554.65,5700,1837
22-01-2020,15354,15585.05,15315,15544.4,1630,762
21-01-2020,15420,15500.1,15253.05,15280.2,1306,584
20-01-2020,15436,15474.7,15311,15419.8,1805,847
17-01-2020,15399,15599,15365,15441.35,2271,860
16-01-2020,14869,15399,14860,15347.25,5450,1888
15-01-2020,14868,14950,14738.4,14867.6,874,486
14-01-2020,14662,14900,14615,14869.05,1388,491
13-01-2020,14728.3,14735.45,14604.3,14661.9,747,288
10/1/2020,14690,14713.3,14588,14685.2,1080,532
9/1/2020,14536,14680,14456.8,14644.7,2214,738
8/1/2020,14249.95,14415.95,14120.2,14388.25,1655,683
7/1/2020,14497,14527.6,14255,14289.8,1818,825
6/1/2020,14575,14575,14274.85,14409.45,3425,1330
3/1/2020,14756,14756,14526.05,14596.95,23054,510
2/1/2020,14869.25,14869.25,14700,14724.75,1399,662
1/1/2020,14819.95,14838,14720,14777.9,646,343
31-12-2019,14890,14917,14701.1,14789.95,1016,513
30-12-2019,14652.2,14902.5,14620,14867.2,1453,624
27-12-2019,14599.45,14680,14583.4,14651.75,535,308
26-12-2019,14582,14700,14550,14599.45,973,442
24-12-2019,14550,14609.65,14490,14586.9,1563,621
23-12-2019,14899,14994,14490.15,14527.1,2826,1004
20-12-2019,14244,14979.85,14244,14833.2,5258,1792
19-12-2019,14214,14299.85,14100,14281.4,962,383
18-12-2019,14159.3,14279,14054.35,14215.9,1617,627
17-12-2019,14150.6,14232.6,14088,14144.5,1037,349
16-12-2019,14305,14422,14133.6,14153.1,1168,443
13-12-2019,14244,14372.85,14015,14313.8,1445,530
12/12/2019,14114.1,14220.05,14081.95,14169.6,928,374
11/12/2019,14103.05,14155,14020,14068.15,10662,201
10/12/2019,14211,14240.7,14040,14096.3,4810,401
9/12/2019,14159.5,14267.15,14008.05,14237.35,852,429
6/12/2019,14295.95,14307.2,14150,14159.5,562,253
4/12/2019,14324.8,14361.9,14201.25,14300.2,769,336
3/12/2019,14563.1,14563.1,14300.15,14337.5,1602,532
2/12/2019,14460,14625.4,14299,14552.9,1495,634
29-11-2019,14660,14680,14415,14455.95,10105,449
28-11-2019,14600,14700,14573.95,14663.1,10055,530
27-11-2019,14550,14669,14513.9,14585.65,1546,540
26-11-2019,14487,14599,14240.95,14531.55,1772,605
25-11-2019,14269,14515,14180,14489.15,1364,538
22-11-2019,14252.05,14291.4,14108,14170.65,803,367
21-11-2019,14230,14271.2,14129.05,14167.6,1252,403
20-11-2019,14111,14287.9,13990,14226.75,5108,656
19-11-2019,14155,14198.7,14021.6,14107.25,1138,400
18-11-2019,14320.8,14320.8,14054.05,14081.9,5696,984
15-11-2019,14201.05,14434.7,14166.15,14297.2,4022,968
14-11-2019,14261.85,14280.55,14101.3,14237.4,1271,530
13-11-2019,14128,14328.7,14063.8,14234.75,2811,743
11/11/2019,14500,14579.2,14050,14107.5,3808,1369
8/11/2019,14714,14839,14399.05,14474.65,2747,918
7/11/2019,14688.2,14784,14558,14719.6,3754,1467
6/11/2019,14680,14810.8,14595,14651.7,2279,522
5/11/2019,14835.5,14859.35,14606,14650.35,1745,681
4/11/2019,15022,15078,14800,14817.05,805,390
1/11/2019,14965,15068.85,14891.95,14964.3,814,369
31-10-2019,15035,15150,14798.1,14961.4,2179,833
30-10-2019,14765,14999,14765,14958.6,2084,657
29-10-2019,14911,14911,14509.2,14675.2,7471,583
27-10-2019,14874.95,14930,14778.95,14808.3,813,254
25-10-2019,14746,14897.95,14472,14794.85,5325,1480
24-10-2019,15022,15022,14626,14677.2,2253,762
23-10-2019,15099,15120,14932.15,14982.35,2339,700
22-10-2019,14921,15113,14840,15039.1,7240,1639
18-10-2019,14510,14921.6,14392.35,14838.3,3148,1062
17-10-2019,14415,14606.6,14160.8,14512.75,8340,2224
16-10-2019,14088,14410,14088,14348.6,2281,674
15-10-2019,14175,14198,13711.6,14080.65,4001,837
14-10-2019,14100,14214.75,14040,14174.1,2260,741
11/10/2019,13840,14060,13840,14038.6,3041,948
10/10/2019,13813.15,13866,13700,13839.85,1554,472
9/10/2019,13650,13908.4,13600,13875.5,2222,680
7/10/2019,13522,13690.95,13464,13599.95,2051,644
4/10/2019,13710,13778.6,13338.15,13455.45,2132,910
3/10/2019,13699,13739.65,13579,13710.9,1047,356
1/10/2019,13938.95,13938.95,13629.7,13677.55,2278,848
30-09-2019,13741.85,13990,13683,13912.5,1624,599
27-09-2019,13800.15,13897.7,13600,13741.85,4695,1456
26-09-2019,13563,14128.25,13550,13945.1,7359,1895
25-09-2019,13430,13503.95,13315.05,13463.45,1765,630
24-09-2019,13710,13710,13325,13430.75,2684,1094
23-09-2019,13532,14300,13400,13669.85,8594,2676
20-09-2019,12693.9,13620,12541.45,13502.35,11183,3637
19-09-2019,12822,12888,12634.75,12699.45,1776,579
18-09-2019,12785.5,12895.45,12650,12870.35,1157,438
17-09-2019,12800,12847.5,12709.15,12763.05,1948,619
16-09-2019,12690,12864.9,12616.5,12843.45,1633,564
13-09-2019,12658,12716.9,12510,12696.35,6041,928
12/9/2019,12756.8,12829,12525,12567.45,2025,799
11/9/2019,12830,12830,12663.75,12757.2,1393,685
9/9/2019,12600,12876.5,12600,12842.3,1819,693
6/9/2019,12355,12714.85,12355,12572.2,2879,751
5/9/2019,12580.75,12668.7,12515,12604.05,1895,604
4/9/2019,12711,12785.1,12350,12465.15,4514,1231
3/9/2019,12850,12895,12607,12684.3,2253,840
30-08-2019,12764,12946.15,12568.5,12849.95,3749,1360
29-08-2019,12620,12887,12620,12713.9,7537,1713
28-08-2019,12440,12850.55,12425,12514.7,3248,1057
27-08-2019,12395,12542.55,12350,12473.45,1245,460
26-08-2019,12566,12592,12234.95,12390.9,2338,932
23-08-2019,12453,12521.4,12278.55,12451.25,1818,703
22-08-2019,12649.9,12795.7,12410.85,12458.55,3912,1441
21-08-2019,11970.35,12635,11970.35,12587.45,12696,3682
20-08-2019,12072,12142.65,11927.55,11963.35,1518,573
19-08-2019,12007,12250,12007,12058.7,1158,418
16-08-2019,12099,12099,11933.7,12011.1,915,389
14-08-2019,11938,12154,11871.9,12030.8,1861,688
13-08-2019,12000,12189.9,11806.5,11871.9,2899,916
9/8/2019,11879,12266.25,11700,11981.5,5304,1572
8/8/2019,11822,11933.7,11785,11844.15,6426,778
7/8/2019,11869,11908.95,11750,11771.95,1518,595
6/8/2019,11740,11994.8,11717,11832.1,2699,834
5/8/2019,11580,11912,11545,11727.3,3186,1049
2/8/2019,11520,11525,11299.95,11427.85,15613,839
1/8/2019,11680,11680,11448.5,11544.1,1050,393
31-07-2019,11531.25,11729.75,11407,11671.7,959,363
30-07-2019,11660,11694.85,11500,11531.2,837,415
29-07-2019,11619,11682,11477.4,11621.65,3357,338
26-07-2019,11538.55,11664,11470.2,11619.95,1059,309
25-07-2019,11522.05,11655.6,11450,11492.25,1370,420
24-07-2019,11508.4,11602.8,11302.65,11480.45,1001,379
23-07-2019,11317,11680,11317,11467.55,1796,630
22-07-2019,11500,11571,11270.7,11317.7,1563,514
19-07-2019,11646,11719,11512,11552.8,851,356
18-07-2019,11705.7,11740,11547.45,11582.75,1609,511
17-07-2019,11666,11742.4,11618,11699.3,461,216
16-07-2019,11525,11720,11489.3,11697.35,1159,390
15-07-2019,11681,11692.95,11466.2,11483.8,992,424
12/7/2019,11567,11715.2,11511.1,11679.05,1978,647
11/7/2019,11575.65,11593.9,11475,11497,9383,396
10/7/2019,11651.5,11797,11530.05,11554.6,9688,481
9/7/2019,11756.5,11804.75,11650,11685.6,1009,439
8/7/2019,11929,11929,11763,11801.25,1060,399
5/7/2019,11959,11998,11843.6,11953.6,975,356
4/7/2019,11843.9,11959.1,11843.9,11879.6,525,187
3/7/2019,11965,11985.55,11787,11808.85,1197,365
2/7/2019,11898,11998.95,11802.4,11965.55,1316,384
1/7/2019,11949,12025.65,11820,11852.45,1819,577
28-06-2019,11849,11940,11759,11920.65,2109,659
27-06-2019,11857.1,11857.1,11686.1,11809.55,46423,3976
26-06-2019,11705.1,11947.95,11675,11800.6,8985,1071
25-06-2019,11665.65,11717.6,11618.15,11705.1,609,206
24-06-2019,11616.15,11751,11616.15,11708.6,790,285
21-06-2019,11700,11782.15,11534.9,11596,1301,582
20-06-2019,11650,11750,11500,11718.35,1436,406
19-06-2019,11500,11644.95,11464.5,11613.85,1254,386
18-06-2019,11525,11544.95,11305,11454.95,1833,569
17-06-2019,11555,11616.15,11430.05,11472.35,21913,501
14-06-2019,11625,11722,11452.2,11490.05,1366,436
13-06-2019,11670,11671,11572.75,11608.95,5882,608
12/6/2019,11641,11760,11530.55,11713.75,3891,854
11/6/2019,11750,11820,11518.5,11641.3,6302,1358
10/6/2019,11512,11820,11452.5,11747.4,2775,850
7/6/2019,11614.5,11630.85,11451.7,11508.75,3394,1275
6/6/2019,11583.2,11666,11551.7,11599.55,1620,550
4/6/2019,11694,11694,11427.25,11526,3345,962
3/6/2019,11500,11704,11487,11691.55,3793,1015
31-05-2019,11320,11525.5,11320,11486.65,3361,878
30-05-2019,11176.05,11341.45,11176,11291.1,1981,599
29-05-2019,11050,11265,11001,11179.55,2802,793
28-05-2019,11036,11170,10953.05,11147.5,3593,731
27-05-2019,10701,11055,10701,11007.85,9439,563
24-05-2019,10948.95,10948.95,10611.25,10692.35,1901,686
23-05-2019,10821.2,10989,10688,10764.4,9884,1183
22-05-2019,10626.45,10780,10611.15,10689.9,2177,592
21-05-2019,10989.95,10989.95,10532.05,10595.7,2492,841
20-05-2019,10601,10888,10582.75,10781.2,3696,896
17-05-2019,10309.95,10522.85,10270,10452.6,2524,765
16-05-2019,10333,10391.25,10257,10284.05,1322,465
15-05-2019,10386.15,10501.95,10225.1,10281.4,20756,1417
14-05-2019,10316.9,10316.9,10126.45,10214.7,2479,646
13-05-2019,10199,10432.05,10199,10316.55,12168,630
10/5/2019,10410,10435.6,10152.55,10237.85,2328,681
9/5/2019,10320,10409.7,10222,10357.4,1707,487
8/5/2019,10472,10560,10284.2,10305.55,21490,413
7/5/2019,10498,10596.75,10400,10471.85,993,300
6/5/2019,10401,10486.25,10323,10388.8,1588,595
3/5/2019,10601,10636.1,10389,10501.9,1839,588
2/5/2019,10900,10900,10550,10604.05,11652,524
30-04-2019,10879.2,10955,10850.1,10903.2,1337,339
26-04-2019,10852.7,11044,10850,10970.05,1478,537
25-04-2019,10820,10980,10820,10880.15,997,351
24-04-2019,10900.05,11020,10726.95,10832.35,1768,624
23-04-2019,10899.95,10971.1,10851,10922.8,1007,308
22-04-2019,10950.3,10960.6,10875.85,10909.85,602,242
18-04-2019,11203.95,11229.1,10852.65,10952.7,1146,376
16-04-2019,11011,11199.4,11011,11131.25,1555,522
15-04-2019,10975,11091.35,10899.15,10964.75,1241,411
12/4/2019,10779,10988.9,10779,10940.95,1183,348
11/4/2019,10793.6,10882.3,10705.1,10761.55,1186,487
10/4/2019,10800.75,10842.2,10730.15,10808.4,1667,465
9/4/2019,10881,10881,10735,10788.05,1305,467
8/4/2019,11010,11021,10840.2,10880.05,1695,528
5/4/2019,10970,11084.35,10912.2,11001.2,975,352
4/4/2019,11005.05,11035.6,10870.2,10972.8,613,317
3/4/2019,10850,11050.8,10805,11004.35,2217,639
2/4/2019,10940,10940,10700.05,10766.8,1348,454
1/4/2019,11000,11106.75,10830.45,10895.6,2201,544
29-03-2019,11040,11225,10800,10994.25,3806,1158
28-03-2019,10900,11100,10813.25,11027.9,5491,836
27-03-2019,10706.7,11080,10598.95,10853,7445,2025
26-03-2019,10550,10769,10533,10694.65,3608,830
25-03-2019,10599.95,10599.95,10303.15,10521.05,2542,706
22-03-2019,10518.95,10644.55,10518.9,10598.05,1072,391
20-03-2019,10700,10759.95,10498.65,10534.95,2089,697
19-03-2019,10465,10719.95,10420.7,10677,2394,691
18-03-2019,10363.8,10484,10280,10465,2428,645
15-03-2019,10746,10746,10241,10329,4276,1221
14-03-2019,10749,10754,10545.35,10742.25,1617,548
13-03-2019,10530,10730,10500,10692.45,6125,1409
12/3/2019,10299.9,10500,10271,10435.85,6428,1087
11/3/2019,10143.3,10340,10042,10287.25,4384,1326
8/3/2019,10196.85,10197.15,10028.1,10105.7,12989,1229
7/3/2019,10330.9,10357.1,10161,10196.85,4098,1021
6/3/2019,10555,10560,10219.7,10354.85,4100,1032
5/3/2019,10400,10550,10300,10507.95,9481,962
1/3/2019,10650,10650,10331.05,10435.7,9687,1311
28-02-2019,10746.35,10762.1,10557.5,10627,2829,830
27-02-2019,10799,10799.7,10650,10700.05,1973,502
26-02-2019,10790,10852.1,10662.3,10787.75,2596,701
25-02-2019,10743.1,10850,10700.9,10824,2507,490
22-02-2019,10534.7,10709.95,10534.7,10687.3,2069,580
21-02-2019,10500,10657.55,10431,10597.2,19960,1041
20-02-2019,10520.1,10615,10410,10530.8,1864,536
19-02-2019,10548.95,10719.95,10356.45,10520.1,3613,1002
18-02-2019,10590,10590,10186.55,10344.4,4599,1207
15-02-2019,10450,10730.1,10255,10582.1,12948,3165
14-02-2019,10600,10791.2,10405.4,10611.55,6562,1632
13-02-2019,10965,10965,10485.15,10572.9,7196,1551
12/2/2019,10780,10851.75,10616.65,10798.65,4110,1059
11/2/2019,11278,11300,10792,10820.25,8158,1942
8/2/2019,11713.1,11747.05,11160.05,11278.2,6445,1672
7/2/2019,11666,11777,11539.7,11714.45,1672,428
6/2/2019,11666,11672,11469.95,11598.35,3621,794
5/2/2019,11540,11660,11446.1,11596.2,3157,915
4/2/2019,11599,11670,11502.9,11585.55,2118,515
1/2/2019,11499,11632.55,11447.7,11568.25,2546,554
31-01-2019,11115.25,11559.9,11115.25,11469.8,5711,684
30-01-2019,11394.9,11444.7,11290,11394.15,1064,340
29-01-2019,11383,11450,11308.2,11407.1,1749,502
28-01-2019,11343,11400,11175.7,11325.45,2528,778
25-01-2019,11470,11506.9,11294,11343.8,1314,426
24-01-2019,11340,11470.05,11340,11430.55,2263,787
23-01-2019,11152,11343.95,11152,11310.55,1461,381
22-01-2019,11275,11449.65,11200,11215.6,5153,1366
21-01-2019,11322,11322,11164.25,11231.95,1762,564
18-01-2019,11200,11312.1,11167.25,11241.05,2929,513
17-01-2019,11190,11229.95,11124,11169.9,1465,426
16-01-2019,11253.8,11265.45,10996.35,11048.85,4351,926
15-01-2019,11252.45,11332.45,11201.85,11286.85,1254,434
14-01-2019,11389.95,11389.95,11191.95,11224.65,7030,869
11/1/2019,11400.05,11446.65,11175.6,11265.05,1654,647
10/1/2019,11260,11467.8,11157.55,11416.85,8937,1215
9/1/2019,11107.35,11276.85,11086.8,11252.2,4675,789
8/1/2019,10853.65,11232.9,10701.05,11016.8,13964,1330
7/1/2019,10870,10940.25,10719.25,10779.45,5916,1167
4/1/2019,11200,11200,10666.9,10878.3,14436,2353
3/1/2019,11133.45,11499,11050,11191.1,28106,3172
2/1/2019,11001.6,11145,10941.15,11041.05,1702,525
1/1/2019,11112,11226.85,10991.05,11061.9,6029,349
31-12-2018,11350,11362.05,11043,11107.25,13836,614
28-12-2018,11009,11287.85,10960,11235.6,13721,726
27-12-2018,10850,10971,10833.1,10936.3,4675,812
26-12-2018,10950,10975.5,10750.15,10764.3,3768,497
24-12-2018,11119.05,11219.3,10849,10931.25,864,276
21-12-2018,11288,11312.3,10956.05,11011.7,1592,484
20-12-2018,11099,11408.8,11099,11206.6,2296,591
19-12-2018,11155,11700.05,11130.45,11181.9,1663,433
18-12-2018,11186.85,11279,11026.35,11093.4,1566,477
17-12-2018,11066,11290,11066,11181.95,8469,850
14-12-2018,10999,11162.9,10915.95,10972.55,2174,532
13-12-2018,10903,11191,10899,10990.5,4091,934
12/12/2018,10603,10875.5,10602.65,10826.15,2552,804
11/12/2018,10380,10798.35,10339.2,10633.3,3496,931
10/12/2018,10399,10428.7,10279.05,10380.05,3705,598
7/12/2018,10433,10530,10374.3,10402.75,6351,1131
6/12/2018,10440,10440,10245.95,10304.3,2244,389
5/12/2018,10559.25,10562.95,10446.3,10484.55,1295,331
4/12/2018,10755.8,10760,10560.4,10589.65,1112,289
3/12/2018,10809.1,10821.7,10648.85,10746.65,1970,489
30-11-2018,10660,10800,10595.2,10718.95,4339,596
29-11-2018,10758,10758,10400,10603.55,39727,1756
28-11-2018,10525,10745.75,10525,10702.05,51322,1459
27-11-2018,10450,10600,10284.55,10518.75,2908,615
26-11-2018,10358.2,10538,10300.9,10449.85,34056,746
22-11-2018,10270,10448.6,10238.35,10313,2322,646
21-11-2018,10266.25,10341.45,10195.25,10257.4,1076,311
20-11-2018,10498.9,10500.05,10170,10249,4656,1080
19-11-2018,10671,10777,10164.85,10359.6,3561,1058
16-11-2018,10500,10694.9,10395,10655.05,4971,1288
15-11-2018,10418.3,10486.1,10334,10447.8,4594,794
14-11-2018,10227.85,10448,10158.95,10385.95,7380,901
13-11-2018,10140.3,10235.65,10096.4,10165.45,2397,518
12/11/2018,10299,10339.7,10069.1,10116.5,27192,1090
9/11/2018,10274.05,10371.4,10160,10224.05,1425,387
7/11/2018,10168,10256,10100.05,10235.95,522,168
6/11/2018,10350,10407.35,10090.25,10168.85,11866,675
5/11/2018,10234.5,10395,10230,10321.4,3045,625
2/11/2018,10041.75,10329,9993.65,10230.1,20821,1323
1/11/2018,10329,10329,9902,9956.05,3647,964
31-10-2018,9740,10145,9733.4,10122.1,9033,2257
30-10-2018,9740,9761.65,9628.6,9712.55,10086,381
29-10-2018,9800,9863,9610,9697.45,11055,1998
26-10-2018,9560.75,9700,9462.45,9540.45,2825,821
25-10-2018,9490,9580,9427.75,9517.3,2786,626
24-10-2018,9350,9600,9350,9520.7,31951,1024
23-10-2018,9205,9544.6,9205,9342.35,6812,1426
22-10-2018,9730,9849,9600.75,9646.5,2110,407
19-10-2018,9650.5,9671.95,9480.5,9602.8,23672,854
17-10-2018,9820.35,9865.85,9685,9720.8,3611,545
16-10-2018,9667,9755.5,9636.4,9734.2,2382,472
15-10-2018,9724.05,9724.05,9550.95,9666.4,1848,493
12/10/2018,9499,9750,9410,9700.75,7095,1099
11/10/2018,9301.05,9520,9080.1,9373.55,5239,1161
10/10/2018,9466,9650,9425.1,9526.3,6692,1318
9/10/2018,9400,9581,9250,9487.15,4683,1226
8/10/2018,9400,9487.75,9241.5,9385.05,5475,1058
5/10/2018,9205.05,9489.95,9150,9386.15,6156,1493
4/10/2018,9340,9445.9,9100.65,9361.7,8440,1927
3/10/2018,9625.1,9625.1,9323,9344.05,7146,1869
1/10/2018,9750,9855,9475,9625.5,4189,1054
28-09-2018,9699,9817.25,9575,9705.7,4435,1359
27-09-2018,9800,9840.85,9480.15,9564.2,3073,891
26-09-2018,9850,9850,9544.4,9707.25,6494,1316
25-09-2018,9650,9840,9391.05,9727.05,10064,2330
24-09-2018,9869.3,9879.9,9610,9650.65,4791,1253
21-09-2018,10209.15,10261.5,9211.3,9765.15,10848,2524
19-09-2018,10499,10499,10135,10152.7,2014,621
18-09-2018,10214.6,10463.95,10200,10280.25,4095,1022
17-09-2018,10318.45,10318.45,10122,10165.5,2871,806
14-09-2018,10539,10565.5,10229.2,10341.5,3066,811
12/9/2018,10046.2,10460,10040.1,10371.45,16828,1743
11/9/2018,10332.85,10374.3,10030,10059.05,3617,895
10/9/2018,10446.5,10520.05,10292.3,10325.6,4223,1011
7/9/2018,10499.2,10650,10317.65,10446.5,14283,2190
6/9/2018,10452,10554.95,10243.35,10336.55,10635,2186
5/9/2018,10831,10836.05,10180,10401.8,10946,2012
4/9/2018,11330,11330,10782.15,10837.15,4312,1083
3/9/2018,11700,11700,11260,11301.5,2059,476
31-08-2018,11335.05,11667.95,11335,11576.6,14797,1899
30-08-2018,11322.5,11455.95,11270.35,11288.7,1689,349
29-08-2018,11416.55,11515,11295,11322.5,3714,681
28-08-2018,11333.2,11417.85,11301.05,11344.55,2440,357
27-08-2018,11395,11520.8,11300,11335,4940,642
24-08-2018,11555,11555,11304.9,11369.3,3205,776
23-08-2018,10885,11590,10885,11546.05,15918,3148
21-08-2018,10830.9,10988.85,10829.2,10887.8,2537,526
20-08-2018,10888,10947.8,10843.7,10876.8,1800,384
17-08-2018,10887,10930.6,10797,10875.35,1935,393
16-08-2018,10888,10946.85,10800,10868.2,1568,400
14-08-2018,10838,10949.95,10788,10885.15,29463,461
13-08-2018,10800,10916.1,10695,10836,15261,810
10/8/2018,10900,11000,10655.3,10690.65,38760,1100
9/8/2018,10771.35,10970,10771.35,10887,24034,731
8/8/2018,10630,10820,10568.55,10771.35,2691,710
7/8/2018,10565.3,10647.55,10500,10530.55,2558,660
6/8/2018,10485,10650,10400,10521.85,9323,1576
3/8/2018,10797,10823.05,10208.55,10313.3,11097,3036
2/8/2018,10829.2,10862.6,10612.65,10755.2,3705,1191
1/8/2018,10600,10888,10556.75,10805.25,5032,1245
31-07-2018,10154.1,10599,10118.25,10537.2,3679,927
30-07-2018,10270.25,10300.65,10086,10127.35,1605,524
27-07-2018,10333,10380.85,10164.3,10295.8,2246,503
26-07-2018,10222,10350,10200,10318.05,1125,329
25-07-2018,10330.7,10352.1,10192.55,10269.55,924,258
24-07-2018,10469.9,10469.9,10255,10298.15,2904,609
23-07-2018,10500,10500,10345.4,10415.7,9587,403
20-07-2018,10253.95,10431.35,10210.05,10351.1,1443,472
19-07-2018,10383.45,10391.5,10231.45,10287.1,1116,364
18-07-2018,10556.75,10556.75,10300,10409.25,3938,1196
17-07-2018,10215,10574,10210,10531.65,8464,1641
16-07-2018,10150,10248,10150,10210.55,1113,390
13-07-2018,10100,10200.05,10063.85,10150.8,1661,480
12/7/2018,10188,10257.1,10002.05,10022.8,2633,513
11/7/2018,10010,10290,9953.3,10166.85,4361,907
10/7/2018,9904.6,10060,9901.05,10010.1,1280,316
9/7/2018,9952.5,9964.9,9880,9904.6,847,276
6/7/2018,9959,10058.35,9933,9948.7,1417,351
5/7/2018,9870.05,9999,9870.05,9964.3,1602,306
4/7/2018,9797,9898,9783,9866.8,2311,360
3/7/2018,9797,9838,9729.95,9771.35,1486,334
2/7/2018,9837.8,9837.8,9745.05,9771.8,883,205
29-06-2018,9843.1,9899.9,9770,9808.55,1479,456
28-06-2018,9991,10094.9,9752,9785.55,1756,511
27-06-2018,10082,10190,9942.15,9991.8,3204,920
26-06-2018,9893,10157.95,9893,10073.05,4051,752
25-06-2018,9878,10000,9852.5,9901.05,1778,381
22-06-2018,9838,9902.6,9760.05,9870.75,1335,318
21-06-2018,9750,9912.6,9658.65,9841.7,2465,467
20-06-2018,9666,9765,9664.9,9729.6,1817,307
19-06-2018,9640,9800,9509.15,9613,3062,533
18-06-2018,9764.8,9783.05,9580,9624,1544,365
15-06-2018,9761,9799,9678.45,9736.45,1667,452
14-06-2018,9838.1,9846.55,9660,9754.2,1175,302
13-06-2018,9867,9881.85,9797,9827.1,794,226
12/6/2018,9987.85,9987.85,9825,9838.7,1854,474
11/6/2018,9888,10050,9880.65,9901.35,1821,533
8/6/2018,9814,9956,9778.15,9889.4,2119,476
7/6/2018,9781.4,9839.95,9739,9791.4,1114,224
6/6/2018,9545.2,9800,9545.2,9757.25,1762,461
5/6/2018,9810,9836.4,9505.5,9542.05,2365,659
4/6/2018,9950,9999,9745.5,9810.4,52375,648
1/6/2018,9669,9998,9660,9898.25,4292,1100
31-05-2018,9550,9795,9550,9657.75,8532,945
30-05-2018,9494.05,9584.95,9494.05,9537.3,953,240
29-05-2018,9631,9636.9,9497.5,9518.75,1291,339
28-05-2018,9711,9782,9628,9669.45,1222,329
25-05-2018,9651.3,9790,9643.8,9729.85,1218,292
24-05-2018,9656,9711.55,9615,9657.75,1647,391
23-05-2018,9636,9704.9,9617,9634.95,758,230
22-05-2018,9499,9647.95,9428.95,9616.05,899,311
21-05-2018,9688,9740.25,9453.1,9479.85,2608,628
18-05-2018,9707.95,9850,9650,9688.75,2990,672
17-05-2018,9660,9865,9547.9,9695.15,3989,875
16-05-2018,9490.25,9670.05,9467.8,9637.6,2565,509
15-05-2018,9577,9661.9,9471.9,9547.45,2462,473
14-05-2018,9506.6,9597.15,9498.9,9573.45,2114,417
11/5/2018,9250,9609.55,9160.05,9506.6,14098,2512
10/5/2018,9150,9207.55,8934.8,8986.45,4032,736
9/5/2018,9103.1,9152.5,9012.35,9092,13137,445
8/5/2018,9174.55,9174.55,9085.75,9116.95,6221,314
7/5/2018,9120.05,9234.95,8900,9088.4,2134,469
4/5/2018,9109.9,9142.7,9090.05,9103.15,1077,237
3/5/2018,9252,9285.3,9025,9120.1,2570,614
2/5/2018,9400,9490,9212,9224,2611,563
30-04-2018,9090,9447.5,9090,9406.35,3581,1041
27-04-2018,9050,9125.95,8866.55,9057.5,3000,733
26-04-2018,8799.8,9189.95,8799.8,9061.55,3917,1296
25-04-2018,8866.55,8899.55,8668.05,8734.65,1922,543
24-04-2018,8944,9017.65,8809.4,8823.3,5447,513
23-04-2018,9130,9166,8888.45,8924.45,14468,662
20-04-2018,9151,9246.35,9123.1,9165.4,1710,519
19-04-2018,8960.05,9200,8960.05,9153.5,2469,616
18-04-2018,9028,9119.95,8971.65,8987.1,2605,655
17-04-2018,8755,9035,8755,9015.95,8689,854
16-04-2018,8689.95,8777.7,8669,8744.7,1963,433
13-04-2018,8627.5,8739.7,8617.8,8692.3,2354,496
12/4/2018,8475,8698,8325.6,8627.35,28370,900
11/4/2018,8510.3,8510.3,8392.9,8473.6,1662,414
10/4/2018,8400.8,8552.35,8385,8503.45,2023,539
9/4/2018,8359.9,8400.35,8350,8388.55,2007,372
6/4/2018,8355,8407.5,8320.5,8355.5,1402,338
5/4/2018,8397.3,8400.6,8366.05,8395.7,995,246
4/4/2018,8341,8394,8332.8,8358.8,5206,428
3/4/2018,8285,8374,8285,8360.7,1738,338
2/4/2018,8201,8321.4,8167.75,8309.1,3141,511
28-03-2018,8169,8235,8125,8202.15,6192,1037
27-03-2018,7856.4,8169,7836,8083.85,18075,1338
26-03-2018,7845,7905.55,7720,7813.25,33494,829
23-03-2018,7844,7844,7768,7797.55,2531,374
22-03-2018,7840,7919.95,7838.4,7846.15,2632,434
21-03-2018,7899.95,7958,7780,7852.5,3468,570
20-03-2018,7694.5,7879,7694.5,7841.05,6115,742
19-03-2018,7711.1,7711.4,7642.8,7664.4,1030,248
16-03-2018,7730,7766.3,7669.2,7693.25,1383,333
15-03-2018,7688.75,7735.95,7685,7717.3,6136,295
14-03-2018,7700,7706.15,7627.8,7654.7,21153,258
13-03-2018,7675,7778.4,7671,7703.45,3621,653
12/3/2018,7700,7700,7584.95,7620.4,3321,405
9/3/2018,7735.9,7735.9,7644.25,7650.55,3215,443
8/3/2018,7759,7780,7706,7711.8,1116,337
7/3/2018,7689,7793.35,7656.1,7705.6,1867,371
6/3/2018,7744,7779.05,7677,7687.55,6938,479
5/3/2018,7851,7864.3,7695.35,7714.35,2479,486
1/3/2018,7777,7876.1,7777,7850.55,2456,701
28-02-2018,7747.4,7864.55,7717,7764.35,2150,503
27-02-2018,7622.05,7789.9,7601.05,7761.2,4310,946
26-02-2018,7600,7648.9,7562.7,7615.5,2320,347
23-02-2018,7544,7613.45,7544,7582.5,1959,415
22-02-2018,7575,7654.4,7476.05,7540.45,3308,853
21-02-2018,7602.25,7608,7561.9,7593.45,1795,369
20-02-2018,7564.9,7610.6,7480,7554.85,2313,596
19-02-2018,7610.05,7610.05,7494,7512.4,3757,567
16-02-2018,7658,7714.9,7580,7590.1,5546,1192
15-02-2018,7480,7640,7429.5,7585.35,19915,3613
14-02-2018,7186.55,7372.7,7186.55,7260.1,2732,438
12/2/2018,7020,7198,7020,7136.5,3838,822
9/2/2018,7025,7025,6940,6959.05,1698,442
8/2/2018,7045.45,7090.5,6887.75,6991.2,32444,576
7/2/2018,7099,7121.3,6988,7013.85,19843,287
6/2/2018,7014.3,7048.95,6980,7012.2,3875,438
5/2/2018,7209.95,7209.95,7000.05,7132.8,76314,507
2/2/2018,7297.85,7631.05,7122,7140.8,8032,1044
1/2/2018,7500,7513.1,7282.4,7305.9,3358,657
31-01-2018,7436.65,7505.85,7436.65,7464.8,594,158
30-01-2018,7505.85,7505.85,7399,7436.75,61629,344
29-01-2018,7525,7566.55,7469.75,7534.75,1628,394
25-01-2018,7550,7609,7452,7513.1,2577,419
24-01-2018,7620,7621,7546,7575.45,3189,454
23-01-2018,7661,7674,7572.05,7591.6,2186,385
22-01-2018,7692.2,7699,7647.1,7658.65,1500,233
19-01-2018,7757.5,7790.2,7684.1,7692.2,781,172
18-01-2018,7801,7822.4,7690.3,7770.7,1925,269
17-01-2018,7779.3,7799.2,7690,7758.65,2376,366
16-01-2018,7758.1,7810.05,7736.75,7757.75,9939,758
15-01-2018,7800,7839.6,7735,7747.2,1373,263
12/1/2018,7870.1,7900,7755,7788.15,1779,356
11/1/2018,7849.65,7892.9,7831.05,7855.95,733,185
10/1/2018,7780,7860,7660,7825.3,1095,244
9/1/2018,7946.7,7970,7712.25,7796.15,2918,639
8/1/2018,7860,7980,7849.95,7952.35,2623,471
5/1/2018,7860,7874.9,7832.05,7840.35,1191,273
4/1/2018,7886.85,7900,7849.15,7870.2,840,213
3/1/2018,7887,7936.25,7845,7855.4,905,174
2/1/2018,7870.3,7907.65,7838.95,7859.55,844,138
